,0
0,"5300 Indio Cir, Austin, TX 78745, USA"
1,"11300 Robert Wooding Dr, Austin, TX 78748, USA"
2,160510311
3,172000579
4,"1702 Summit View Pl, Austin, TX 78703, USA"
5,"200 Lavaca St, Austin, TX 78701, USA"
6,"1800 Colony Creek Dr, Austin, TX 78758, USA"
7,"6400 Sandshof Dr, Austin, TX 78724, USA"
8,"5000 Old Manor Rd, Austin, TX 78723, USA"
9,"700 Dawson Rd, Austin, TX 78704, USA"
10,172200004
11,"1000 Meadows Dr S, Austin, TX 78758, USA"
12,"2200 Burton Dr, Austin, TX 78741, USA"
13,"Shady Ln, Austin, TX, USA"
14,"9300 Manchaca Rd, Austin, TX 78748, USA"
15,"1700 Barton Springs Rd, Austin, TX 78704, USA"
16,"5400 Overbrook Dr, Austin, TX 78723, USA"
17,"411 W Martin Luther King Jr Blvd, Austin, TX 78701, USA"
18,"1200 Montopolis Dr, Austin, TX 78741, USA"
19,120330618
20,"6711 E Ben White Blvd, Austin, TX 78744, USA"
21,"300 E 6th St, Austin, TX 78701, USA"
22,152990182
23,"3516 Presidential Blvd, Austin, TX 78719, USA"
24,"10300 Jollyville Rd, Austin, TX 78759, USA"
25,"8800 McCann Dr, Austin, TX 78757, USA"
26,"1100 Rutherford Ln, Austin, TX 78752, USA"
27,"1300 Lavaca St, Austin, TX 78701, USA"
28,"100 W Slaughter Ln, Austin, TX 78748, USA"
29,"6100 Buffalo Pass, Austin, TX 78745, USA"
30,"1400 Woodland Ave, Austin, TX 78704, USA"
31,"800 Rutland Dr, Austin, TX 78758, USA"
32,"6700 US-290, Austin, TX 78735, USA"
33,"1100 W Live Oak St, Austin, TX 78704, USA"
34,133290078
35,140820969
36,"4900 Teri Rd, Austin, TX 78744, USA"
37,163541215
38,"1900 E Martin Luther King Jr Blvd, Austin, TX 78702, USA"
39,"300 E 6th St, Austin, TX 78701, USA"
40,162710438
41,151960869
42,"9800 Middle Fiskville Rd, Austin, TX 78752, USA"
43,"2500 W Slaughter Ln, Austin, TX 78748, USA"
44,"2100 Kramer Ln, Austin, TX 78758, USA"
45,"400 Brazos St, Austin, TX 78701, USA"
46,"7600 TX-71, Austin, TX 78735, USA"
47,"6200 Dorchester Dr, Austin, TX 78723, USA"
48,"1800 E 51st St, Austin, TX 78723, USA"
49,"2200 E 14th St, Austin, TX 78702, USA"
50,"3600 Presidential Blvd, Austin, TX 78719, USA"
51,142500449
52,"2500 Bitter Creek Dr, Austin, TX 78744, USA"
53,"9037 Research Blvd Ste 500, Austin, TX 78758, USA"
54,"11100 Domain Dr, Austin, TX 78758, USA"
55,"W Powell Ln, Austin, TX 78753, USA"
56,"1915 Wells Branch Pkwy, Austin, TX 78728, USA"
57,"6600 Ed Bluestein Blvd, Austin, TX 78723, USA"
58,"0 San Marcos St, Austin, TX 78702, USA"
59,"2800 Bartons Bluff Ln, Austin, TX 78746, USA"
60,"4400 Monterey Oaks Blvd, Austin, TX 78749, USA"
61,122710876
62,"4100 Medical Pkwy, Austin, TX 78756, USA"
63,"1700 Morrow St, Austin, TX 78757, USA"
64,"803 Reinli St, Austin, TX 78751, USA"
65,"2300 W Stassney Ln, Austin, TX 78745, USA"
66,"100 Home Pl W, Austin, TX 78753, USA"
67,"700 Morrow St, Austin, TX 78752, USA"
68,"1000 Willow St, Austin, TX 78702, USA"
69,"2600 Howellwood Way, Austin, TX 78748, USA"
70,"12538 Research Blvd, Austin, TX 78759, USA"
71,"2800 N Lamar Blvd, Austin, TX 78705, USA"
72,"10063 Jollyville Rd, Austin, TX 78759, USA"
73,"5300 Summerset Trail, Austin, TX 78749, USA"
74,143410305
75,"900 Willow St, Austin, TX 78702, USA"
76,"5200 Medford Dr, Austin, TX 78723, USA"
77,"1600 W 5th St, Austin, TX 78703, USA"
78,"2100 La Casa Dr, Austin, TX 78704, USA"
79,"1500 Reagan Hill Dr, Austin, TX 78752, USA"
80,"6610 Burnet Rd, Austin, TX 78757, USA"
81,"11100 Seay St, Austin, TX 78754, USA"
82,"9336 Neils Thompson Dr, Austin, TX 78758, USA"
83,"700 W 21st St, Austin, TX 78705, USA"
84,"3203 Longhorn Blvd #102, Austin, TX 78758, USA"
85,"701 E Stassney Ln, Austin, TX 78745, USA"
86,171871429
87,"2600 Riddle Rd, Austin, TX 78748, USA"
88,"800 W Cesar Chavez St, Austin, TX 78703, USA"
89,"1200 W 38th St, Austin, TX 78705, USA"
90,"8900 Business Park Dr, Austin, TX 78759, USA"
91,131680690
92,"Bartlett St, Austin, TX 78704, USA"
93,"4300 Bonnell Vista Cove, Austin, TX 78731, USA"
94,"13800 Co Rd 183, Austin, TX 78717, USA"
95,"900 W Riverside Dr, Austin, TX 78704, USA"
96,"4100 Guadalupe St, Austin, TX 78751, USA"
97,"5900 Burnet Rd, Austin, TX 78757, USA"
98,"600 Neches St, Austin, TX 78701, USA"
99,"4100 Victory Dr, Austin, TX 78704, USA"
100,"5200 Berkman Dr, Austin, TX 78723, USA"
101,"602 E 7th St, Austin, TX 78701, USA"
102,"Co Rd 183, Austin, TX 78717, USA"
103,123390006
104,"600 Neches St, Austin, TX 78701, USA"
105,"300 Provines Dr, Austin, TX 78753, USA"
106,"700 Neches St, Austin, TX 78701, USA"
107,"900 E 32nd St, Austin, TX 78705, USA"
108,"11300 4 Points Dr, Austin, TX 78726, USA"
109,162711948
110,"3600 Presidential Blvd, Austin, TX 78719, USA"
111,171481662
112,"400 Little Texas Ln, Austin, TX 78745, USA"
113,"6400 Springdale Rd, Austin, TX 78723, USA"
114,"2300 E William Cannon Dr, Austin, TX 78744, USA"
115,122561444
116,"5100 N Lamar Blvd, Austin, TX 78751, USA"
117,"200 Lavaca St, Austin, TX 78701, USA"
118,"4000 Alexandria Dr, Austin, TX 78749, USA"
119,171971568
120,"11200 N Lamar Blvd, Austin, TX 78753, USA"
121,"2100 Rio Grande St, Austin, TX 78705, USA"
122,"5000 Old Manor Rd, Austin, TX 78723, USA"
123,"400 W Powell Ln, Austin, TX 78753, USA"
124,"900 Taylor St, Austin, TX 78702, USA"
125,"2623 W Braker Ln, Austin, TX 78758, USA"
126,170331254
127,120921334
128,"8924 N Lamar Blvd, Austin, TX 78753, USA"
129,163022111
130,"801 E William Cannon Dr #300, Austin, TX 78745, USA"
131,"7000 N Lamar Blvd, Austin, TX 78752, USA"
132,"600 Trinity St, Austin, TX 78701, USA"
133,121151093
134,"3300 Esperanza Crossing, Austin, TX 78758, USA"
135,172241386
136,"1100 Airport Blvd, Austin, TX 78702, USA"
137,"2874 Shoal Crest Ave, Austin, TX 78705, USA"
138,"1500 Comal St, Austin, TX 78702, USA"
139,"7100 Berkman Dr, Austin, TX 78752, USA"
140,"2500 W Parmer Ln, Austin, TX 78727, USA"
141,"9400 Lightwood Cove, Austin, TX 78748, USA"
142,"10800 Metric Blvd, Austin, TX 78758, USA"
143,150910931
144,"1200 Barbara Jordan Blvd, Austin, TX 78723, USA"
145,"4000 Airport Blvd, Austin, TX 78722, USA"
146,"4200 Berkman Dr, Austin, TX 78723, USA"
147,"6300 Manor Rd, Austin, TX 78723, USA"
148,"3500 Deer Ln, Austin, TX 78749, USA"
149,"104 E 31st St # A, Austin, TX 78705, United States"
150,"600 Neches St, Austin, TX 78701, USA"
151,"E 5th St, Austin, TX, USA"
152,"10300 Lakeline Blvd, Austin, TX 78717, USA"
153,"7718 Springdale Rd, Austin, TX 78724, USA"
154,"500 E 7th St, Austin, TX 78701, USA"
155,"6300 Clarion Dr, Austin, TX 78749, USA"
156,162970412
157,"3505 S Lamar Blvd, Austin, TX 78704, USA"
158,"2300 Greenfield Pkwy, Austin, TX 78741, USA"
159,"6610 Burnet Rd, Austin, TX 78757, USA"
160,"600 W William Cannon Dr, Austin, TX 78745, USA"
161,"1622 Rutland Dr, Austin, TX 78758, USA"
162,"700 E 8th St, Austin, TX 78701, USA"
163,"9600 South IH-35 Service Road Sb, Austin, TX 78748, United States"
164,"1000 E 32nd St, Austin, TX 78705, USA"
165,160400773
166,"8400 Cross Park Dr, Austin, TX 78754, USA"
167,"11000 Reliance Creek Dr, Austin, TX 78754, USA"
168,"1000 W 41st St, Austin, TX 78756, USA"
169,"E 11th St, Austin, TX, USA"
170,"700 Lavaca St, Austin, TX 78701, USA"
171,"1300 Lamar Square Dr, Austin, TX 78704, USA"
172,"501 W 15th St, Austin, TX 78701, USA"
173,"Dessau Rd, Austin, TX, USA"
174,"4701 Monterey Oaks Blvd, Austin, TX 78749, USA"
175,"931 Stony Hill Rd, Yardley, PA 19067, USA"
176,142571493
177,"1200 W 38th St, Austin, TX 78705, USA"
178,"9400 Parkfield Dr, Austin, TX 78758, USA"
179,143640616
180,"1600 Toomey Rd, Austin, TX 78704, USA"
181,162701732
182,"8900 Fiskville Cemetery Rd, Austin, TX 78753, USA"
183,"800 E 6th St, Austin, TX 78702, USA"
184,"11300 Avering Ln, Austin, TX 78754, USA"
185,142170911
186,"1900 Hearthside Dr, Austin, TX 78757, USA"
187,"800 W 10th St, Austin, TX 78701, USA"
188,"4400 E Riverside Dr, Austin, TX 78741, USA"
189,"400 W 6th St, Austin, TX 78701, USA"
190,"2000 Deer Run Dr, Austin, TX 78744, USA"
191,143360168
192,"W Parmer Ln, Austin, TX, USA"
193,"800 Rio Grande St, Austin, TX 78701, USA"
194,"610 W 5th St #603, Austin, TX 78701, USA"
195,"2600 Canterbury St, Austin, TX 78702, USA"
196,"1800 E 51st St, Austin, TX 78723, USA"
197,121901870
198,"1000 W Dittmar Rd, Austin, TX 78745, USA"
199,140601537
200,"10500 W Parmer Ln, Austin, TX 78717, USA"
201,"400 E 6th St, Austin, TX 78701, USA"
202,152040964
203,"2000 Rivers Edge Way, Austin, TX 78741, USA"
204,"9400 Grouse Meadow Ln, Austin, TX 78758, USA"
205,"4900 Duval St, Austin, TX 78751, USA"
206,"500 Neches St, Austin, TX 78701, USA"
207,"8800 Tallwood Dr, Austin, TX 78759, USA"
208,"3626 Lake Austin Blvd, Austin, TX 78703, USA"
209,"2100 Rio Grande St, Austin, TX 78705, USA"
210,"1600 Royal Crest Dr, Austin, TX 78741, USA"
211,"600 Brazos St, Austin, TX 78701, USA"
212,"400 W 24th St, Austin, TX 78705, USA"
213,"14028 North US 183, Austin, TX 78717, United States"
214,"700 W Elliott St, Austin, TX 78753, USA"
215,"3600 Presidential Blvd, Austin, TX 78719, USA"
216,"7900 Burleson Rd, Austin, TX 78744, USA"
217,131131014
218,132061889
219,"Hargrave St, Austin, TX 78702, USA"
220,"1200 Westheimer Dr, Austin, TX 78752, USA"
221,"2200 Perry Ave, Austin, TX 78704, USA"
222,"700 Valdez St, Austin, TX 78741, USA"
223,"601 Camp Craft Rd, Austin, TX 78746, USA"
224,"Barton Springs Rd, Austin, TX, USA"
225,"12800 Harrisglenn Dr, Austin, TX 78753, USA"
226,"2200 Mission Hill Dr, Austin, TX 78741, USA"
227,"5000 Acorn Grove Ct, Austin, TX 78744, USA"
228,"3600 Presidential Blvd, Austin, TX 78719, USA"
229,"9600 Middle Fiskville Rd, Austin, TX 78753, USA"
230,"1000 Rosemont St, Austin, TX 78723, USA"
231,"2100 Airport Blvd, Austin, TX 78722, USA"
232,"2100 Wickersham Ln, Austin, TX 78741, USA"
233,"7700 Mesa Dr, Austin, TX 78731, USA"
234,"6100 Orleans Dr, Austin, TX 78744, USA"
235,"500 W 35th St, Austin, TX 78703, USA"
236,"4500 E Martin Luther King Jr Blvd, Austin, TX 78721, USA"
237,"900 River Oaks Dr, Austin, TX 78753, USA"
238,"FM1327, Austin, TX, USA"
239,"1400 Wickersham Ln, Austin, TX 78741, USA"
240,152780655
241,160591729
242,160722029
243,"1800 New York Ave, Austin, TX 78702, USA"
244,"500 W 8th St, Austin, TX 78701, USA"
245,"12400 Lamplight Village Ave, Austin, TX 78758, USA"
246,"300 E 6th St, Austin, TX 78701, USA"
247,"15500 S Interstate 35 Frontage Rd, New Braunfels, TX 78130, USA"
248,"2800 Guadalupe St, Austin, TX 78705, USA"
249,"4537 S IH 35 Frontage Rd, Austin, TX 78744, USA"
250,"9000 Northgate Blvd, Austin, TX 78758, USA"
251,"400 W 15th St, Austin, TX 78701, USA"
252,172890094
253,"969 Farm to Market 1626, Austin, TX 78748, USA"
254,"5600 Exeter Dr, Austin, TX 78723, USA"
255,"1000 Justin Ln, Austin, TX 78757, USA"
256,"2000 Guadalupe St, Austin, TX 78705, USA"
257,"1801 E 51st St #390, Austin, TX 78723, USA"
258,"7000 Village Center Dr, Austin, TX 78731, USA"
259,"9500 Stonelake Blvd, Austin, TX 78759, USA"
260,"12100 Dessau Rd, Austin, TX 78754, USA"
261,"1500 Scenic Dr, Austin, TX 78703, USA"
262,150541158
263,160660716
264,"6600 E Riverside Dr, Austin, TX 78741, USA"
265,"2500 W Slaughter Ln, Austin, TX 78748, USA"
266,121120989
267,"9300 N Lamar Blvd, Austin, TX 78753, USA"
268,172720599
269,"E 51st St, Austin, TX, USA"
270,"Austin, TX 78701, USA"
271,"Battle Bend Neighborhood Park, 121 Sheraton Ave, Austin, TX 78745, USA"
272,"1100 Congress Ave, Austin, TX 78701, USA"
273,161191990
274,"5000 Manor Rd, Austin, TX 78723, USA"
275,"2400 Rio Grande St, Austin, TX 78705, USA"
276,153210517
277,"2500 W William Cannon Dr, Austin, TX 78745, USA"
278,"12400 Lamplight Village Ave, Austin, TX 78758, USA"
279,"6800 Stonleigh Pl, Austin, TX 78744, USA"
280,"1700 W Cesar Chavez St, Austin, TX 78703, USA"
281,"900 Camino La Costa, Austin, TX 78752, USA"
282,141191525
283,"4001 W Parmer Ln, Austin, TX 78727, USA"
284,"12611 N Hwy 183, Austin, TX 78759, United States"
285,"4500 E Oltorf St, Austin, TX 78741, USA"
286,170581692
287,"4200 Felter Ln, Austin, TX 78744, USA"
288,"2300 Corta St, Austin, TX 78702, USA"
289,"1900 Red River St, Austin, TX 78705, USA"
290,"2700 Maria Anna Rd, Austin, TX 78703, USA"
291,"1100 Chicon St, Austin, TX 78702, USA"
292,"1000 Edgecliff Terrace, Austin, TX 78704, USA"
293,151690777
294,"8600 Brookfield Dr, Austin, TX 78758, USA"
295,"2500 Elmont Dr, Austin, TX 78741, USA"
296,"76 1/2 East Ave, Austin, TX 78701, USA"
297,"900 Bedford St, Austin, TX 78702, USA"
298,"3600 Congress Ave, Austin, TX 78701, USA"
299,"11100 Burnet Rd, Austin, TX 78758, USA"
300,"1100 E Oltorf St, Austin, TX 78704, USA"
301,"801 E William Cannon Dr #300, Austin, TX 78745, USA"
302,"5300 Woodland Oaks Ct, Austin, TX 78744, USA"
303,"N Hampton Dr, Austin, TX 78723, USA"
304,"12520 North IH-35, Austin, TX 78753, United States"
305,"400 E 6th St, Austin, TX 78701, USA"
306,"Neches St, Austin, TX 78701, USA"
307,"12200 Donington Dr, Austin, TX 78753, USA"
308,"Brazos St, Austin, TX, USA"
309,132400656
310,"300 Brazos St, Austin, TX 78701, USA"
311,"400 W 23rd St, Austin, TX 78705, USA"
312,"6610 Burnet Rd, Austin, TX 78757, USA"
313,"1300 Begonia Terrace, Austin, TX 78741, USA"
314,152711468
315,"3900 Eton Ln, Austin, TX 78727, USA"
316,"Austin Gift Company, 4211 S Lamar Blvd, Austin, TX 78704, USA"
317,"7900 Rockwood Ln, Austin, TX 78757, USA"
318,121300475
319,"Guadalupe St, Austin, TX, USA"
320,"11000 Reliance Creek Dr, Austin, TX 78754, USA"
321,"400 North Loop Boulevard, Austin, TX 78751, USA"
322,143230372
323,"700 E 7th St, Austin, TX 78701, USA"
324,"Trinity St, Austin, TX, USA"
325,"600 Masterson Pass, Austin, TX 78753, USA"
326,"1700 Frontier Valley Dr, Austin, TX 78741, USA"
327,"Austin, TX 78701, USA"
328,"700 W Howard Ln, Austin, TX 78753, USA"
329,"1000 Grove Blvd, Austin, TX 78741, USA"
330,163031459
331,"W William Cannon Dr, Austin, TX, USA"
332,"500 Sabine St, Austin, TX 78701, USA"
333,122491740
334,"1800 Adina St, Austin, TX 78721, USA"
335,"2500 Leon St, Austin, TX 78705, USA"
336,121570410
337,"Burton Dr, Austin, TX 78741, USA"
338,"5600 Palo Blanco Ln, Austin, TX 78744, USA"
339,140090541
340,140920780
341,"4800 Brassiewood Dr, Austin, TX 78744, USA"
342,"400 W 45th St, Austin, TX 78751, USA"
343,"5600 Airport Blvd, Austin, TX 78751, USA"
344,"8400 N Mopac Expy #100, Austin, TX 78759, USA"
345,"11500 N Oaks Dr, Austin, TX 78753, USA"
346,170951959
347,"12500 Tech Ridge Blvd, Austin, TX 78753, USA"
348,"10100 Rutland Village E, Austin, TX 78758, USA"
349,"4900 E Oltorf St, Austin, TX 78741, USA"
350,"1800 Grove Blvd, Austin, TX 78741, USA"
351,141020596
352,"7300 Cameron Rd, Austin, TX 78752, USA"
353,"6700 Northeast Dr, Austin, TX 78723, USA"
354,"6500 Decker Ln, Austin, TX 78724, USA"
355,"8200 N Lamar Blvd, Austin, TX 78753, USA"
356,163620471
357,"10400 Golden Meadow Dr, Austin, TX 78758, USA"
358,"8800 North Dr, Austin, TX 78753, USA"
359,"5600 Tallow Tree Dr, Austin, TX 78744, USA"
360,"11400 Lake Creek Pkwy, Austin, TX 78750, USA"
361,"4200 Jackson Ave, Austin, TX 78731, USA"
362,"5000 Bundyhill Dr, Austin, TX 78723, USA"
363,"2500 S Lakeshore Blvd, Austin, TX 78741, USA"
364,"8800 Clearbrook Trail, Austin, TX 78729, USA"
365,133481092
366,"E William Cannon Dr, Austin, TX, USA"
367,"Austin, TX 78704, USA"
368,"2800 E 7th St, Austin, TX 78702, USA"
369,"2100 Brunswick Dr, Austin, TX 78723, USA"
370,"1900 Rio Grande St, Austin, TX 78705, USA"
371,"Austin, TX 78701, USA"
372,"9700 Dessau Rd, Austin, TX 78753, USA"
373,"919 E 32nd St, Austin, TX 78705, USA"
374,120160374
375,"602 W 30th St, Austin, TX 78705, USA"
376,"1032 E 46th St, Austin, TX 78751, USA"
377,"2700 S 1st St, Austin, TX 78704, USA"
378,"800 Sahara Ave, Austin, TX 78745, USA"
379,"7100 Colony Park Dr, Austin, TX 78724, USA"
380,"3600 Presidential Blvd, Austin, TX 78719, USA"
381,"8600 N FM 620, Austin, TX 78726, USA"
382,"5300 Tower Trail, Austin, TX 78723, USA"
383,"4200 S Congress Ave, Austin, TX 78745, USA"
384,"5200 Bolm Rd, Austin, TX 78721, USA"
385,"4500 Pack Saddle Pass, Austin, TX 78745, USA"
386,"7000 Grand Canyon Dr, Austin, TX 78752, USA"
387,122471399
388,132661634
389,"2012 Montclaire St, Austin, TX 78704, USA"
390,143301785
391,163360389
392,"1000 Clayton Ln, Austin, TX 78723, USA"
393,172071287
394,"3508 Presidential Blvd, Austin, TX 78719, USA"
395,"11000 Dessau Rd, Austin, TX 78754, USA"
396,"1700 E Oltorf St, Austin, TX 78741, USA"
397,"1200 Algarita Ave, Austin, TX 78704, USA"
398,"7400 Manchaca Rd, Austin, TX 78745, USA"
399,"6400 Starstreak Dr, Austin, TX 78745, USA"
400,"1521 Burton Dr, Austin, TX 78741, USA"
401,"2400 Village Walk, Austin, TX 78744, USA"
402,"810 W St Johns Ave, Austin, TX 78752, USA"
403,132651518
404,"Austin, TX 78701, USA"
405,"4700 S Lamar Blvd, Austin, TX 78745, USA"
406,"700 W William Cannon Dr, Austin, TX 78745, USA"
407,"12500 N Lamar Blvd, Austin, TX 78753, USA"
408,"500 Congress Ave, Austin, TX 78701, USA"
409,"2900 Sunridge Dr, Austin, TX 78741, USA"
410,152851763
411,"400 Brazos St, Austin, TX 78701, USA"
412,"3200 Duval Rd, Austin, TX 78759, USA"
413,"9400 N Lamar Blvd, Austin, TX 78753, USA"
414,"2100 Stephen F Austin Dr, Austin, TX 78703, USA"
415,152280668
416,"623 W Dittmar Rd, Austin, TX 78745, USA"
417,123380819
418,"8300 Robin Ct, Austin, TX 78758, USA"
419,142640860
420,"12611 N Hwy 183, Austin, TX 78759, United States"
421,171391768
422,"1500 Faro Dr, Austin, TX 78741, USA"
423,123362043
424,"3500 Wells Branch Pkwy, Austin, TX 78728, USA"
425,"3100 Parker Ln, Austin, TX 78741, USA"
426,132200651
427,"500 Deen Ave, Austin, TX 78753, USA"
428,133330593
429,"1900 Maple Ave, Austin, TX 78722, USA"
430,"900 Little Texas Ln, Austin, TX 78745, USA"
431,"3000 Guadalupe St, Austin, TX 78705, USA"
432,"9000 Northgate Blvd, Austin, TX 78758, USA"
433,"5701 W Slaughter Ln, Austin, TX 78749, USA"
434,"2200 Riverview St, Austin, TX 78702, USA"
435,"100 Chalmers Ave, Austin, TX 78702, USA"
436,150300777
437,"6500 Bridgewater Cove, Austin, TX 78723, USA"
438,"7900 Burnet Rd, Austin, TX 78757, USA"
439,"800 Fairfield Dr, Austin, TX 78758, USA"
440,"3400 W Parmer Ln, Austin, TX 78727, USA"
441,"S Pleasant Valley Rd, Austin, TX, USA"
442,"402 W 29th St, Austin, TX 78705, USA"
443,"1059 E 51st St, Austin, TX 78751, USA"
444,"Austin Gift Company, 4211 S Lamar Blvd, Austin, TX 78704, USA"
445,"500 E 6th St, Austin, TX 78701, USA"
446,"6900 Deep Cir, Austin, TX 78744, USA"
447,"3764 Mt Bonnell Rd, Austin, TX 78731, USA"
448,"500 E 7th St, Austin, TX 78701, USA"
449,"3400 Dalton St, Austin, TX 78745, USA"
450,"11600 Timber Heights Dr, Austin, TX 78754, USA"
451,"10400 Yucca Dr, Austin, TX 78759, USA"
452,162400201
453,"1200 W Slaughter Ln, Austin, TX 78748, USA"
454,"2100 E Riverside Dr, Austin, TX 78741, USA"
455,"11700 N Lamar Blvd, Austin, TX 78753, USA"
456,"400 E 6th St, Austin, TX 78701, USA"
457,"500 E 8th St, Austin, TX 78701, USA"
458,"4900 Craigwood Dr, Austin, TX 78725, USA"
459,"1200 W Oltorf St, Austin, TX 78704, USA"
460,"2450 Andrew Zilker Rd, Austin, TX 78746, USA"
461,"1500 E 51st St, Austin, TX 78723, USA"
462,"200 E 7th St, Austin, TX 78701, USA"
463,122620795
464,"400 Colorado St, Austin, TX 78701, USA"
465,140801228
466,"3600 Presidential Blvd, Austin, TX 78719, USA"
467,"4500 Ridge Oak Dr, Austin, TX 78731, USA"
468,152320907
469,"12000 Metric Blvd, Austin, TX 78758, USA"
470,"10430 Burleson Rd, Del Valle, TX 78617, USA"
471,"6500 Chesterfield Ave, Austin, TX 78752, USA"
472,"9500 Stonelake Blvd, Austin, TX 78759, USA"
473,"1800 Centre Creek Dr, Austin, TX 78754, USA"
474,140090812
