<?xml version="1.0" encoding="UTF-8"?><gmd:MD_Metadata xmlns:xlink="http://www.w3.org/1999/xlink" xmlns:srv="http://www.isotc211.org/2005/srv" xmlns:gts="http://www.isotc211.org/2005/gts" xmlns:gmd="http://www.isotc211.org/2005/gmd" xmlns:gco="http://www.isotc211.org/2005/gco" xmlns:gml="http://www.opengis.net/gml" xmlns:xsi="http://www.w3.org/2001/XMLSchema-instance">
<gmd:fileIdentifier>
<gco:CharacterString>1507221788672r9999171182643725</gco:CharacterString>
</gmd:fileIdentifier>
<gmd:language>
<gmd:LanguageCode codeList="http://www.loc.gov/standards/iso639-2/php/code_list.php" codeListValue="eng" codeSpace="ISO639-2">eng</gmd:LanguageCode>
</gmd:language>
<gmd:characterSet>
<gmd:MD_CharacterSetCode codeList="http://www.isotc211.org/2005/resources/Codelist/gmxCodelists.xml#MD_CharacterSetCode" codeListValue="utf8" codeSpace="ISOTC211/19115">utf8</gmd:MD_CharacterSetCode>
</gmd:characterSet>
<gmd:hierarchyLevel>
<gmd:MD_ScopeCode codeList="http://www.isotc211.org/2005/resources/Codelist/gmxCodelists.xml#MD_ScopeCode" codeListValue="dataset" codeSpace="ISOTC211/19115">dataset</gmd:MD_ScopeCode>
</gmd:hierarchyLevel>
<gmd:contact>
<gmd:CI_ResponsibleParty>
<gmd:contactInfo gco:nilReason="missing"/>
<gmd:role>
<gmd:CI_RoleCode codeList="http://www.isotc211.org/2005/resources/Codelist/gmxCodelists.xml#CI_RoleCode" codeListValue="pointOfContact" codeSpace="ISOTC211/19115">pointOfContact</gmd:CI_RoleCode>
</gmd:role>
</gmd:CI_ResponsibleParty>
</gmd:contact>
<dateStamp>
<gco:Date>2017-10-05</gco:Date>
</dateStamp>
<gmd:metadataStandardName>
<gco:CharacterString>NAP - Metadata</gco:CharacterString>
</gmd:metadataStandardName>
<gmd:metadataStandardVersion>
<gco:CharacterString>1.2</gco:CharacterString>
</gmd:metadataStandardVersion>
<gmd:spatialRepresentationInfo>
<gmd:MD_VectorSpatialRepresentation>
<gmd:topologyLevel>
<gmd:MD_TopologyLevelCode codeList="http://www.isotc211.org/2005/resources/Codelist/gmxCodelists.xml#MD_TopologyLevelCode" codeListValue="geometryOnly" codeSpace="ISOTC211/19115">geometryOnly</gmd:MD_TopologyLevelCode>
</gmd:topologyLevel>
<gmd:geometricObjects>
<gmd:MD_GeometricObjects>
<gmd:geometricObjectType>
<gmd:MD_GeometricObjectTypeCode codeList="http://www.isotc211.org/2005/resources/Codelist/gmxCodelists.xml#MD_GeometricObjectTypeCode" codeListValue="point" codeSpace="ISOTC211/19115">point</gmd:MD_GeometricObjectTypeCode>
</gmd:geometricObjectType>
<gmd:geometricObjectCount>
<gco:Integer>24431</gco:Integer>
</gmd:geometricObjectCount>
</gmd:MD_GeometricObjects>
</gmd:geometricObjects>
</gmd:MD_VectorSpatialRepresentation>
</gmd:spatialRepresentationInfo>
<gmd:referenceSystemInfo>
<gmd:MD_ReferenceSystem>
<gmd:referenceSystemIdentifier>
<gmd:RS_Identifier>
<gmd:code>
<gco:CharacterString>4326</gco:CharacterString>
</gmd:code>
<gmd:codeSpace>
<gco:CharacterString>EPSG</gco:CharacterString>
</gmd:codeSpace>
<gmd:version>
<gco:CharacterString>6.14(3.0.1)</gco:CharacterString>
</gmd:version>
</gmd:RS_Identifier>
</gmd:referenceSystemIdentifier>
</gmd:MD_ReferenceSystem>
</gmd:referenceSystemInfo>
<gmd:identificationInfo>
<gmd:MD_DataIdentification>
<gmd:citation>
<gmd:CI_Citation>
<gmd:title>
<gco:CharacterString>Nursing Home and Assisted Care</gco:CharacterString>
</gmd:title>
<gmd:date gco:nilReason="missing"/>
<gmd:citedResponsibleParty gco:nilReason="missing"/>
<gmd:presentationForm>
<gmd:CI_PresentationFormCode codeList="http://www.isotc211.org/2005/resources/Codelist/gmxCodelists.xml#CI_PresentationFormCode" codeListValue="mapDigital" codeSpace="ISOTC211/19115">mapDigital</gmd:CI_PresentationFormCode>
</gmd:presentationForm>
</gmd:CI_Citation>
</gmd:citation>
<gmd:abstract>
<gco:CharacterString>The Nursing Home / Assisted Care feature class/shapefile contains facilities that house elderly adults. This feature class’s/shapefile's attribution contains physical and demographic information for facilities in the continental United States and some of its territories. The purpose of this feature class/shapefile is to provide accurate locations for high concentrations of elderly adults in the event of a disaster. The attribution within this feature class/shapefile was populated via open source methodologies of authoritative sources.</gco:CharacterString>
</gmd:abstract>
<gmd:purpose>
<gco:CharacterString>This feature class/shapefile contains nursing and assisted care facilities for the Homeland Infrastructure Foundation-Level Data (HIFLD) database (https://gii.dhs.gov/HIFLD).</gco:CharacterString>
</gmd:purpose>
<gmd:credit>
<gco:CharacterString>Oak Ridge National Laboratory (ORNL) Geographic Information Science and Technology (GIST) Group, National Geospatial-Intelligence Agency (NGA) Homeland Security Infrastructure Program (HSIP) Team</gco:CharacterString>
</gmd:credit>
<gmd:status gco:nilReason="missing"/>
<gmd:descriptiveKeywords>
<gmd:MD_Keywords>
<gmd:keyword>
<gco:CharacterString>Downloadable Data</gco:CharacterString>
</gmd:keyword>
<gmd:thesaurusName uuidref="723f6998-058e-11dc-8314-0800200c9a66"/>
</gmd:MD_Keywords>
</gmd:descriptiveKeywords>
<gmd:descriptiveKeywords>
<gmd:MD_Keywords>
<gmd:keyword>
<gco:CharacterString>homeland security</gco:CharacterString>
</gmd:keyword>
<gmd:keyword>
<gco:CharacterString>homeland defense</gco:CharacterString>
</gmd:keyword>
<gmd:keyword>
<gco:CharacterString>emergency response</gco:CharacterString>
</gmd:keyword>
<gmd:keyword>
<gco:CharacterString>nursing home</gco:CharacterString>
</gmd:keyword>
<gmd:keyword>
<gco:CharacterString>assisted living</gco:CharacterString>
</gmd:keyword>
<gmd:keyword>
<gco:CharacterString>elderly care</gco:CharacterString>
</gmd:keyword>
<gmd:keyword>
<gco:CharacterString>alzheimer</gco:CharacterString>
</gmd:keyword>
<gmd:keyword>
<gco:CharacterString>retirement community</gco:CharacterString>
</gmd:keyword>
<gmd:keyword>
<gco:CharacterString>rest home</gco:CharacterString>
</gmd:keyword>
<gmd:keyword>
<gco:CharacterString>manor</gco:CharacterString>
</gmd:keyword>
<gmd:keyword>
<gco:CharacterString>skilled nursing</gco:CharacterString>
</gmd:keyword>
<gmd:keyword>
<gco:CharacterString>continuing care</gco:CharacterString>
</gmd:keyword>
<gmd:keyword>
<gco:CharacterString>convalescent</gco:CharacterString>
</gmd:keyword>
<gmd:keyword>
<gco:CharacterString>name</gco:CharacterString>
</gmd:keyword>
<gmd:keyword>
<gco:CharacterString>address</gco:CharacterString>
</gmd:keyword>
<gmd:keyword>
<gco:CharacterString>type</gco:CharacterString>
</gmd:keyword>
<gmd:keyword>
<gco:CharacterString>status</gco:CharacterString>
</gmd:keyword>
<gmd:keyword>
<gco:CharacterString>population</gco:CharacterString>
</gmd:keyword>
<gmd:keyword>
<gco:CharacterString>facility characteristics</gco:CharacterString>
</gmd:keyword>
</gmd:MD_Keywords>
</gmd:descriptiveKeywords>
<gmd:descriptiveKeywords>
<gmd:MD_Keywords>
<gmd:keyword>
<gco:CharacterString>homeland security</gco:CharacterString>
</gmd:keyword>
<gmd:keyword>
<gco:CharacterString>homeland defense</gco:CharacterString>
</gmd:keyword>
<gmd:keyword>
<gco:CharacterString>emergency response</gco:CharacterString>
</gmd:keyword>
<gmd:keyword>
<gco:CharacterString>nursing home</gco:CharacterString>
</gmd:keyword>
<gmd:keyword>
<gco:CharacterString>assisted living</gco:CharacterString>
</gmd:keyword>
<gmd:keyword>
<gco:CharacterString>elderly care</gco:CharacterString>
</gmd:keyword>
<gmd:keyword>
<gco:CharacterString>alzheimer</gco:CharacterString>
</gmd:keyword>
<gmd:keyword>
<gco:CharacterString>retirement community</gco:CharacterString>
</gmd:keyword>
<gmd:keyword>
<gco:CharacterString>rest home</gco:CharacterString>
</gmd:keyword>
<gmd:keyword>
<gco:CharacterString>manor</gco:CharacterString>
</gmd:keyword>
<gmd:keyword>
<gco:CharacterString>skilled nursing</gco:CharacterString>
</gmd:keyword>
<gmd:keyword>
<gco:CharacterString>continuing care</gco:CharacterString>
</gmd:keyword>
<gmd:keyword>
<gco:CharacterString>convalescent</gco:CharacterString>
</gmd:keyword>
<gmd:keyword>
<gco:CharacterString>name</gco:CharacterString>
</gmd:keyword>
<gmd:keyword>
<gco:CharacterString>address</gco:CharacterString>
</gmd:keyword>
<gmd:keyword>
<gco:CharacterString>type</gco:CharacterString>
</gmd:keyword>
<gmd:keyword>
<gco:CharacterString>status</gco:CharacterString>
</gmd:keyword>
<gmd:keyword>
<gco:CharacterString>population</gco:CharacterString>
</gmd:keyword>
<gmd:keyword>
<gco:CharacterString>facility characteristics</gco:CharacterString>
</gmd:keyword>
</gmd:MD_Keywords>
</gmd:descriptiveKeywords>
<gmd:descriptiveKeywords>
<gmd:MD_Keywords>
<gmd:keyword>
<gco:CharacterString>homeland security</gco:CharacterString>
</gmd:keyword>
<gmd:keyword>
<gco:CharacterString>homeland defense</gco:CharacterString>
</gmd:keyword>
<gmd:keyword>
<gco:CharacterString>emergency response</gco:CharacterString>
</gmd:keyword>
<gmd:keyword>
<gco:CharacterString>nursing home</gco:CharacterString>
</gmd:keyword>
<gmd:keyword>
<gco:CharacterString>assisted living</gco:CharacterString>
</gmd:keyword>
<gmd:keyword>
<gco:CharacterString>elderly care</gco:CharacterString>
</gmd:keyword>
<gmd:keyword>
<gco:CharacterString>alzheimer</gco:CharacterString>
</gmd:keyword>
<gmd:keyword>
<gco:CharacterString>retirement community</gco:CharacterString>
</gmd:keyword>
<gmd:keyword>
<gco:CharacterString>rest home</gco:CharacterString>
</gmd:keyword>
<gmd:keyword>
<gco:CharacterString>manor</gco:CharacterString>
</gmd:keyword>
<gmd:keyword>
<gco:CharacterString>skilled nursing</gco:CharacterString>
</gmd:keyword>
<gmd:keyword>
<gco:CharacterString>continuing care</gco:CharacterString>
</gmd:keyword>
<gmd:keyword>
<gco:CharacterString>convalescent</gco:CharacterString>
</gmd:keyword>
<gmd:keyword>
<gco:CharacterString>name</gco:CharacterString>
</gmd:keyword>
<gmd:keyword>
<gco:CharacterString>address</gco:CharacterString>
</gmd:keyword>
<gmd:keyword>
<gco:CharacterString>type</gco:CharacterString>
</gmd:keyword>
<gmd:keyword>
<gco:CharacterString>status</gco:CharacterString>
</gmd:keyword>
<gmd:keyword>
<gco:CharacterString>population</gco:CharacterString>
</gmd:keyword>
<gmd:keyword>
<gco:CharacterString>facility characteristics</gco:CharacterString>
</gmd:keyword>
</gmd:MD_Keywords>
</gmd:descriptiveKeywords>
<gmd:descriptiveKeywords>
<gmd:MD_Keywords>
<gmd:keyword>
<gco:CharacterString>homeland security</gco:CharacterString>
</gmd:keyword>
<gmd:keyword>
<gco:CharacterString>homeland defense</gco:CharacterString>
</gmd:keyword>
<gmd:keyword>
<gco:CharacterString>emergency response</gco:CharacterString>
</gmd:keyword>
<gmd:keyword>
<gco:CharacterString>nursing home</gco:CharacterString>
</gmd:keyword>
<gmd:keyword>
<gco:CharacterString>assisted living</gco:CharacterString>
</gmd:keyword>
<gmd:keyword>
<gco:CharacterString>elderly care</gco:CharacterString>
</gmd:keyword>
<gmd:keyword>
<gco:CharacterString>alzheimer</gco:CharacterString>
</gmd:keyword>
<gmd:keyword>
<gco:CharacterString>retirement community</gco:CharacterString>
</gmd:keyword>
<gmd:keyword>
<gco:CharacterString>rest home</gco:CharacterString>
</gmd:keyword>
<gmd:keyword>
<gco:CharacterString>manor</gco:CharacterString>
</gmd:keyword>
<gmd:keyword>
<gco:CharacterString>skilled nursing</gco:CharacterString>
</gmd:keyword>
<gmd:keyword>
<gco:CharacterString>continuing care</gco:CharacterString>
</gmd:keyword>
<gmd:keyword>
<gco:CharacterString>convalescent</gco:CharacterString>
</gmd:keyword>
<gmd:keyword>
<gco:CharacterString>name</gco:CharacterString>
</gmd:keyword>
<gmd:keyword>
<gco:CharacterString>address</gco:CharacterString>
</gmd:keyword>
<gmd:keyword>
<gco:CharacterString>type</gco:CharacterString>
</gmd:keyword>
<gmd:keyword>
<gco:CharacterString>status</gco:CharacterString>
</gmd:keyword>
<gmd:keyword>
<gco:CharacterString>population</gco:CharacterString>
</gmd:keyword>
<gmd:keyword>
<gco:CharacterString>facility characteristics</gco:CharacterString>
</gmd:keyword>
</gmd:MD_Keywords>
</gmd:descriptiveKeywords>
<gmd:descriptiveKeywords>
<gmd:MD_Keywords>
<gmd:keyword>
<gco:CharacterString>homeland security</gco:CharacterString>
</gmd:keyword>
<gmd:keyword>
<gco:CharacterString>homeland defense</gco:CharacterString>
</gmd:keyword>
<gmd:keyword>
<gco:CharacterString>emergency response</gco:CharacterString>
</gmd:keyword>
<gmd:keyword>
<gco:CharacterString>nursing home</gco:CharacterString>
</gmd:keyword>
<gmd:keyword>
<gco:CharacterString>assisted living</gco:CharacterString>
</gmd:keyword>
<gmd:keyword>
<gco:CharacterString>elderly care</gco:CharacterString>
</gmd:keyword>
<gmd:keyword>
<gco:CharacterString>alzheimer</gco:CharacterString>
</gmd:keyword>
<gmd:keyword>
<gco:CharacterString>retirement community</gco:CharacterString>
</gmd:keyword>
<gmd:keyword>
<gco:CharacterString>rest home</gco:CharacterString>
</gmd:keyword>
<gmd:keyword>
<gco:CharacterString>manor</gco:CharacterString>
</gmd:keyword>
<gmd:keyword>
<gco:CharacterString>skilled nursing</gco:CharacterString>
</gmd:keyword>
<gmd:keyword>
<gco:CharacterString>continuing care</gco:CharacterString>
</gmd:keyword>
<gmd:keyword>
<gco:CharacterString>convalescent</gco:CharacterString>
</gmd:keyword>
<gmd:keyword>
<gco:CharacterString>name</gco:CharacterString>
</gmd:keyword>
<gmd:keyword>
<gco:CharacterString>address</gco:CharacterString>
</gmd:keyword>
<gmd:keyword>
<gco:CharacterString>type</gco:CharacterString>
</gmd:keyword>
<gmd:keyword>
<gco:CharacterString>status</gco:CharacterString>
</gmd:keyword>
<gmd:keyword>
<gco:CharacterString>population</gco:CharacterString>
</gmd:keyword>
<gmd:keyword>
<gco:CharacterString>facility characteristics</gco:CharacterString>
</gmd:keyword>
</gmd:MD_Keywords>
</gmd:descriptiveKeywords>
<gmd:descriptiveKeywords>
<gmd:MD_Keywords>
<gmd:keyword>
<gco:CharacterString>homeland security</gco:CharacterString>
</gmd:keyword>
<gmd:keyword>
<gco:CharacterString>homeland defense</gco:CharacterString>
</gmd:keyword>
<gmd:keyword>
<gco:CharacterString>emergency response</gco:CharacterString>
</gmd:keyword>
<gmd:keyword>
<gco:CharacterString>nursing home</gco:CharacterString>
</gmd:keyword>
<gmd:keyword>
<gco:CharacterString>assisted living</gco:CharacterString>
</gmd:keyword>
<gmd:keyword>
<gco:CharacterString>elderly care</gco:CharacterString>
</gmd:keyword>
<gmd:keyword>
<gco:CharacterString>alzheimer</gco:CharacterString>
</gmd:keyword>
<gmd:keyword>
<gco:CharacterString>retirement community</gco:CharacterString>
</gmd:keyword>
<gmd:keyword>
<gco:CharacterString>rest home</gco:CharacterString>
</gmd:keyword>
<gmd:keyword>
<gco:CharacterString>manor</gco:CharacterString>
</gmd:keyword>
<gmd:keyword>
<gco:CharacterString>skilled nursing</gco:CharacterString>
</gmd:keyword>
<gmd:keyword>
<gco:CharacterString>continuing care</gco:CharacterString>
</gmd:keyword>
<gmd:keyword>
<gco:CharacterString>convalescent</gco:CharacterString>
</gmd:keyword>
<gmd:keyword>
<gco:CharacterString>name</gco:CharacterString>
</gmd:keyword>
<gmd:keyword>
<gco:CharacterString>address</gco:CharacterString>
</gmd:keyword>
<gmd:keyword>
<gco:CharacterString>type</gco:CharacterString>
</gmd:keyword>
<gmd:keyword>
<gco:CharacterString>status</gco:CharacterString>
</gmd:keyword>
<gmd:keyword>
<gco:CharacterString>population</gco:CharacterString>
</gmd:keyword>
<gmd:keyword>
<gco:CharacterString>facility characteristics</gco:CharacterString>
</gmd:keyword>
</gmd:MD_Keywords>
</gmd:descriptiveKeywords>
<gmd:descriptiveKeywords>
<gmd:MD_Keywords>
<gmd:keyword>
<gco:CharacterString>homeland security</gco:CharacterString>
</gmd:keyword>
<gmd:keyword>
<gco:CharacterString>homeland defense</gco:CharacterString>
</gmd:keyword>
<gmd:keyword>
<gco:CharacterString>emergency response</gco:CharacterString>
</gmd:keyword>
<gmd:keyword>
<gco:CharacterString>nursing home</gco:CharacterString>
</gmd:keyword>
<gmd:keyword>
<gco:CharacterString>assisted living</gco:CharacterString>
</gmd:keyword>
<gmd:keyword>
<gco:CharacterString>elderly care</gco:CharacterString>
</gmd:keyword>
<gmd:keyword>
<gco:CharacterString>alzheimer</gco:CharacterString>
</gmd:keyword>
<gmd:keyword>
<gco:CharacterString>retirement community</gco:CharacterString>
</gmd:keyword>
<gmd:keyword>
<gco:CharacterString>rest home</gco:CharacterString>
</gmd:keyword>
<gmd:keyword>
<gco:CharacterString>manor</gco:CharacterString>
</gmd:keyword>
<gmd:keyword>
<gco:CharacterString>skilled nursing</gco:CharacterString>
</gmd:keyword>
<gmd:keyword>
<gco:CharacterString>continuing care</gco:CharacterString>
</gmd:keyword>
<gmd:keyword>
<gco:CharacterString>convalescent</gco:CharacterString>
</gmd:keyword>
<gmd:keyword>
<gco:CharacterString>name</gco:CharacterString>
</gmd:keyword>
<gmd:keyword>
<gco:CharacterString>address</gco:CharacterString>
</gmd:keyword>
<gmd:keyword>
<gco:CharacterString>type</gco:CharacterString>
</gmd:keyword>
<gmd:keyword>
<gco:CharacterString>status</gco:CharacterString>
</gmd:keyword>
<gmd:keyword>
<gco:CharacterString>population</gco:CharacterString>
</gmd:keyword>
<gmd:keyword>
<gco:CharacterString>facility characteristics</gco:CharacterString>
</gmd:keyword>
</gmd:MD_Keywords>
</gmd:descriptiveKeywords>
<gmd:descriptiveKeywords>
<gmd:MD_Keywords>
<gmd:keyword>
<gco:CharacterString>homeland security</gco:CharacterString>
</gmd:keyword>
<gmd:keyword>
<gco:CharacterString>homeland defense</gco:CharacterString>
</gmd:keyword>
<gmd:keyword>
<gco:CharacterString>emergency response</gco:CharacterString>
</gmd:keyword>
<gmd:keyword>
<gco:CharacterString>nursing home</gco:CharacterString>
</gmd:keyword>
<gmd:keyword>
<gco:CharacterString>assisted living</gco:CharacterString>
</gmd:keyword>
<gmd:keyword>
<gco:CharacterString>elderly care</gco:CharacterString>
</gmd:keyword>
<gmd:keyword>
<gco:CharacterString>alzheimer</gco:CharacterString>
</gmd:keyword>
<gmd:keyword>
<gco:CharacterString>retirement community</gco:CharacterString>
</gmd:keyword>
<gmd:keyword>
<gco:CharacterString>rest home</gco:CharacterString>
</gmd:keyword>
<gmd:keyword>
<gco:CharacterString>manor</gco:CharacterString>
</gmd:keyword>
<gmd:keyword>
<gco:CharacterString>skilled nursing</gco:CharacterString>
</gmd:keyword>
<gmd:keyword>
<gco:CharacterString>continuing care</gco:CharacterString>
</gmd:keyword>
<gmd:keyword>
<gco:CharacterString>convalescent</gco:CharacterString>
</gmd:keyword>
<gmd:keyword>
<gco:CharacterString>name</gco:CharacterString>
</gmd:keyword>
<gmd:keyword>
<gco:CharacterString>address</gco:CharacterString>
</gmd:keyword>
<gmd:keyword>
<gco:CharacterString>type</gco:CharacterString>
</gmd:keyword>
<gmd:keyword>
<gco:CharacterString>status</gco:CharacterString>
</gmd:keyword>
<gmd:keyword>
<gco:CharacterString>population</gco:CharacterString>
</gmd:keyword>
<gmd:keyword>
<gco:CharacterString>facility characteristics</gco:CharacterString>
</gmd:keyword>
</gmd:MD_Keywords>
</gmd:descriptiveKeywords>
<gmd:descriptiveKeywords>
<gmd:MD_Keywords>
<gmd:keyword>
<gco:CharacterString>homeland security</gco:CharacterString>
</gmd:keyword>
<gmd:keyword>
<gco:CharacterString>homeland defense</gco:CharacterString>
</gmd:keyword>
<gmd:keyword>
<gco:CharacterString>emergency response</gco:CharacterString>
</gmd:keyword>
<gmd:keyword>
<gco:CharacterString>nursing home</gco:CharacterString>
</gmd:keyword>
<gmd:keyword>
<gco:CharacterString>assisted living</gco:CharacterString>
</gmd:keyword>
<gmd:keyword>
<gco:CharacterString>elderly care</gco:CharacterString>
</gmd:keyword>
<gmd:keyword>
<gco:CharacterString>alzheimer</gco:CharacterString>
</gmd:keyword>
<gmd:keyword>
<gco:CharacterString>retirement community</gco:CharacterString>
</gmd:keyword>
<gmd:keyword>
<gco:CharacterString>rest home</gco:CharacterString>
</gmd:keyword>
<gmd:keyword>
<gco:CharacterString>manor</gco:CharacterString>
</gmd:keyword>
<gmd:keyword>
<gco:CharacterString>skilled nursing</gco:CharacterString>
</gmd:keyword>
<gmd:keyword>
<gco:CharacterString>continuing care</gco:CharacterString>
</gmd:keyword>
<gmd:keyword>
<gco:CharacterString>convalescent</gco:CharacterString>
</gmd:keyword>
<gmd:keyword>
<gco:CharacterString>name</gco:CharacterString>
</gmd:keyword>
<gmd:keyword>
<gco:CharacterString>address</gco:CharacterString>
</gmd:keyword>
<gmd:keyword>
<gco:CharacterString>type</gco:CharacterString>
</gmd:keyword>
<gmd:keyword>
<gco:CharacterString>status</gco:CharacterString>
</gmd:keyword>
<gmd:keyword>
<gco:CharacterString>population</gco:CharacterString>
</gmd:keyword>
<gmd:keyword>
<gco:CharacterString>facility characteristics</gco:CharacterString>
</gmd:keyword>
</gmd:MD_Keywords>
</gmd:descriptiveKeywords>
<gmd:descriptiveKeywords>
<gmd:MD_Keywords>
<gmd:keyword>
<gco:CharacterString>homeland security</gco:CharacterString>
</gmd:keyword>
<gmd:keyword>
<gco:CharacterString>homeland defense</gco:CharacterString>
</gmd:keyword>
<gmd:keyword>
<gco:CharacterString>emergency response</gco:CharacterString>
</gmd:keyword>
<gmd:keyword>
<gco:CharacterString>nursing home</gco:CharacterString>
</gmd:keyword>
<gmd:keyword>
<gco:CharacterString>assisted living</gco:CharacterString>
</gmd:keyword>
<gmd:keyword>
<gco:CharacterString>elderly care</gco:CharacterString>
</gmd:keyword>
<gmd:keyword>
<gco:CharacterString>alzheimer</gco:CharacterString>
</gmd:keyword>
<gmd:keyword>
<gco:CharacterString>retirement community</gco:CharacterString>
</gmd:keyword>
<gmd:keyword>
<gco:CharacterString>rest home</gco:CharacterString>
</gmd:keyword>
<gmd:keyword>
<gco:CharacterString>manor</gco:CharacterString>
</gmd:keyword>
<gmd:keyword>
<gco:CharacterString>skilled nursing</gco:CharacterString>
</gmd:keyword>
<gmd:keyword>
<gco:CharacterString>continuing care</gco:CharacterString>
</gmd:keyword>
<gmd:keyword>
<gco:CharacterString>convalescent</gco:CharacterString>
</gmd:keyword>
<gmd:keyword>
<gco:CharacterString>name</gco:CharacterString>
</gmd:keyword>
<gmd:keyword>
<gco:CharacterString>address</gco:CharacterString>
</gmd:keyword>
<gmd:keyword>
<gco:CharacterString>type</gco:CharacterString>
</gmd:keyword>
<gmd:keyword>
<gco:CharacterString>status</gco:CharacterString>
</gmd:keyword>
<gmd:keyword>
<gco:CharacterString>population</gco:CharacterString>
</gmd:keyword>
<gmd:keyword>
<gco:CharacterString>facility characteristics</gco:CharacterString>
</gmd:keyword>
</gmd:MD_Keywords>
</gmd:descriptiveKeywords>
<gmd:descriptiveKeywords>
<gmd:MD_Keywords>
<gmd:keyword>
<gco:CharacterString>homeland security</gco:CharacterString>
</gmd:keyword>
<gmd:keyword>
<gco:CharacterString>homeland defense</gco:CharacterString>
</gmd:keyword>
<gmd:keyword>
<gco:CharacterString>emergency response</gco:CharacterString>
</gmd:keyword>
<gmd:keyword>
<gco:CharacterString>nursing home</gco:CharacterString>
</gmd:keyword>
<gmd:keyword>
<gco:CharacterString>assisted living</gco:CharacterString>
</gmd:keyword>
<gmd:keyword>
<gco:CharacterString>elderly care</gco:CharacterString>
</gmd:keyword>
<gmd:keyword>
<gco:CharacterString>alzheimer</gco:CharacterString>
</gmd:keyword>
<gmd:keyword>
<gco:CharacterString>retirement community</gco:CharacterString>
</gmd:keyword>
<gmd:keyword>
<gco:CharacterString>rest home</gco:CharacterString>
</gmd:keyword>
<gmd:keyword>
<gco:CharacterString>manor</gco:CharacterString>
</gmd:keyword>
<gmd:keyword>
<gco:CharacterString>skilled nursing</gco:CharacterString>
</gmd:keyword>
<gmd:keyword>
<gco:CharacterString>continuing care</gco:CharacterString>
</gmd:keyword>
<gmd:keyword>
<gco:CharacterString>convalescent</gco:CharacterString>
</gmd:keyword>
<gmd:keyword>
<gco:CharacterString>name</gco:CharacterString>
</gmd:keyword>
<gmd:keyword>
<gco:CharacterString>address</gco:CharacterString>
</gmd:keyword>
<gmd:keyword>
<gco:CharacterString>type</gco:CharacterString>
</gmd:keyword>
<gmd:keyword>
<gco:CharacterString>status</gco:CharacterString>
</gmd:keyword>
<gmd:keyword>
<gco:CharacterString>population</gco:CharacterString>
</gmd:keyword>
<gmd:keyword>
<gco:CharacterString>facility characteristics</gco:CharacterString>
</gmd:keyword>
</gmd:MD_Keywords>
</gmd:descriptiveKeywords>
<gmd:descriptiveKeywords>
<gmd:MD_Keywords>
<gmd:keyword>
<gco:CharacterString>homeland security</gco:CharacterString>
</gmd:keyword>
<gmd:keyword>
<gco:CharacterString>homeland defense</gco:CharacterString>
</gmd:keyword>
<gmd:keyword>
<gco:CharacterString>emergency response</gco:CharacterString>
</gmd:keyword>
<gmd:keyword>
<gco:CharacterString>nursing home</gco:CharacterString>
</gmd:keyword>
<gmd:keyword>
<gco:CharacterString>assisted living</gco:CharacterString>
</gmd:keyword>
<gmd:keyword>
<gco:CharacterString>elderly care</gco:CharacterString>
</gmd:keyword>
<gmd:keyword>
<gco:CharacterString>alzheimer</gco:CharacterString>
</gmd:keyword>
<gmd:keyword>
<gco:CharacterString>retirement community</gco:CharacterString>
</gmd:keyword>
<gmd:keyword>
<gco:CharacterString>rest home</gco:CharacterString>
</gmd:keyword>
<gmd:keyword>
<gco:CharacterString>manor</gco:CharacterString>
</gmd:keyword>
<gmd:keyword>
<gco:CharacterString>skilled nursing</gco:CharacterString>
</gmd:keyword>
<gmd:keyword>
<gco:CharacterString>continuing care</gco:CharacterString>
</gmd:keyword>
<gmd:keyword>
<gco:CharacterString>convalescent</gco:CharacterString>
</gmd:keyword>
<gmd:keyword>
<gco:CharacterString>name</gco:CharacterString>
</gmd:keyword>
<gmd:keyword>
<gco:CharacterString>address</gco:CharacterString>
</gmd:keyword>
<gmd:keyword>
<gco:CharacterString>type</gco:CharacterString>
</gmd:keyword>
<gmd:keyword>
<gco:CharacterString>status</gco:CharacterString>
</gmd:keyword>
<gmd:keyword>
<gco:CharacterString>population</gco:CharacterString>
</gmd:keyword>
<gmd:keyword>
<gco:CharacterString>facility characteristics</gco:CharacterString>
</gmd:keyword>
</gmd:MD_Keywords>
</gmd:descriptiveKeywords>
<gmd:descriptiveKeywords>
<gmd:MD_Keywords>
<gmd:keyword>
<gco:CharacterString>homeland security</gco:CharacterString>
</gmd:keyword>
<gmd:keyword>
<gco:CharacterString>homeland defense</gco:CharacterString>
</gmd:keyword>
<gmd:keyword>
<gco:CharacterString>emergency response</gco:CharacterString>
</gmd:keyword>
<gmd:keyword>
<gco:CharacterString>nursing home</gco:CharacterString>
</gmd:keyword>
<gmd:keyword>
<gco:CharacterString>assisted living</gco:CharacterString>
</gmd:keyword>
<gmd:keyword>
<gco:CharacterString>elderly care</gco:CharacterString>
</gmd:keyword>
<gmd:keyword>
<gco:CharacterString>alzheimer</gco:CharacterString>
</gmd:keyword>
<gmd:keyword>
<gco:CharacterString>retirement community</gco:CharacterString>
</gmd:keyword>
<gmd:keyword>
<gco:CharacterString>rest home</gco:CharacterString>
</gmd:keyword>
<gmd:keyword>
<gco:CharacterString>manor</gco:CharacterString>
</gmd:keyword>
<gmd:keyword>
<gco:CharacterString>skilled nursing</gco:CharacterString>
</gmd:keyword>
<gmd:keyword>
<gco:CharacterString>continuing care</gco:CharacterString>
</gmd:keyword>
<gmd:keyword>
<gco:CharacterString>convalescent</gco:CharacterString>
</gmd:keyword>
<gmd:keyword>
<gco:CharacterString>name</gco:CharacterString>
</gmd:keyword>
<gmd:keyword>
<gco:CharacterString>address</gco:CharacterString>
</gmd:keyword>
<gmd:keyword>
<gco:CharacterString>type</gco:CharacterString>
</gmd:keyword>
<gmd:keyword>
<gco:CharacterString>status</gco:CharacterString>
</gmd:keyword>
<gmd:keyword>
<gco:CharacterString>population</gco:CharacterString>
</gmd:keyword>
<gmd:keyword>
<gco:CharacterString>facility characteristics</gco:CharacterString>
</gmd:keyword>
</gmd:MD_Keywords>
</gmd:descriptiveKeywords>
<gmd:descriptiveKeywords>
<gmd:MD_Keywords>
<gmd:keyword>
<gco:CharacterString>homeland security</gco:CharacterString>
</gmd:keyword>
<gmd:keyword>
<gco:CharacterString>homeland defense</gco:CharacterString>
</gmd:keyword>
<gmd:keyword>
<gco:CharacterString>emergency response</gco:CharacterString>
</gmd:keyword>
<gmd:keyword>
<gco:CharacterString>nursing home</gco:CharacterString>
</gmd:keyword>
<gmd:keyword>
<gco:CharacterString>assisted living</gco:CharacterString>
</gmd:keyword>
<gmd:keyword>
<gco:CharacterString>elderly care</gco:CharacterString>
</gmd:keyword>
<gmd:keyword>
<gco:CharacterString>alzheimer</gco:CharacterString>
</gmd:keyword>
<gmd:keyword>
<gco:CharacterString>retirement community</gco:CharacterString>
</gmd:keyword>
<gmd:keyword>
<gco:CharacterString>rest home</gco:CharacterString>
</gmd:keyword>
<gmd:keyword>
<gco:CharacterString>manor</gco:CharacterString>
</gmd:keyword>
<gmd:keyword>
<gco:CharacterString>skilled nursing</gco:CharacterString>
</gmd:keyword>
<gmd:keyword>
<gco:CharacterString>continuing care</gco:CharacterString>
</gmd:keyword>
<gmd:keyword>
<gco:CharacterString>convalescent</gco:CharacterString>
</gmd:keyword>
<gmd:keyword>
<gco:CharacterString>name</gco:CharacterString>
</gmd:keyword>
<gmd:keyword>
<gco:CharacterString>address</gco:CharacterString>
</gmd:keyword>
<gmd:keyword>
<gco:CharacterString>type</gco:CharacterString>
</gmd:keyword>
<gmd:keyword>
<gco:CharacterString>status</gco:CharacterString>
</gmd:keyword>
<gmd:keyword>
<gco:CharacterString>population</gco:CharacterString>
</gmd:keyword>
<gmd:keyword>
<gco:CharacterString>facility characteristics</gco:CharacterString>
</gmd:keyword>
</gmd:MD_Keywords>
</gmd:descriptiveKeywords>
<gmd:descriptiveKeywords>
<gmd:MD_Keywords>
<gmd:keyword>
<gco:CharacterString>homeland security</gco:CharacterString>
</gmd:keyword>
<gmd:keyword>
<gco:CharacterString>homeland defense</gco:CharacterString>
</gmd:keyword>
<gmd:keyword>
<gco:CharacterString>emergency response</gco:CharacterString>
</gmd:keyword>
<gmd:keyword>
<gco:CharacterString>nursing home</gco:CharacterString>
</gmd:keyword>
<gmd:keyword>
<gco:CharacterString>assisted living</gco:CharacterString>
</gmd:keyword>
<gmd:keyword>
<gco:CharacterString>elderly care</gco:CharacterString>
</gmd:keyword>
<gmd:keyword>
<gco:CharacterString>alzheimer</gco:CharacterString>
</gmd:keyword>
<gmd:keyword>
<gco:CharacterString>retirement community</gco:CharacterString>
</gmd:keyword>
<gmd:keyword>
<gco:CharacterString>rest home</gco:CharacterString>
</gmd:keyword>
<gmd:keyword>
<gco:CharacterString>manor</gco:CharacterString>
</gmd:keyword>
<gmd:keyword>
<gco:CharacterString>skilled nursing</gco:CharacterString>
</gmd:keyword>
<gmd:keyword>
<gco:CharacterString>continuing care</gco:CharacterString>
</gmd:keyword>
<gmd:keyword>
<gco:CharacterString>convalescent</gco:CharacterString>
</gmd:keyword>
<gmd:keyword>
<gco:CharacterString>name</gco:CharacterString>
</gmd:keyword>
<gmd:keyword>
<gco:CharacterString>address</gco:CharacterString>
</gmd:keyword>
<gmd:keyword>
<gco:CharacterString>type</gco:CharacterString>
</gmd:keyword>
<gmd:keyword>
<gco:CharacterString>status</gco:CharacterString>
</gmd:keyword>
<gmd:keyword>
<gco:CharacterString>population</gco:CharacterString>
</gmd:keyword>
<gmd:keyword>
<gco:CharacterString>facility characteristics</gco:CharacterString>
</gmd:keyword>
</gmd:MD_Keywords>
</gmd:descriptiveKeywords>
<gmd:descriptiveKeywords>
<gmd:MD_Keywords>
<gmd:keyword>
<gco:CharacterString>homeland security</gco:CharacterString>
</gmd:keyword>
<gmd:keyword>
<gco:CharacterString>homeland defense</gco:CharacterString>
</gmd:keyword>
<gmd:keyword>
<gco:CharacterString>emergency response</gco:CharacterString>
</gmd:keyword>
<gmd:keyword>
<gco:CharacterString>nursing home</gco:CharacterString>
</gmd:keyword>
<gmd:keyword>
<gco:CharacterString>assisted living</gco:CharacterString>
</gmd:keyword>
<gmd:keyword>
<gco:CharacterString>elderly care</gco:CharacterString>
</gmd:keyword>
<gmd:keyword>
<gco:CharacterString>alzheimer</gco:CharacterString>
</gmd:keyword>
<gmd:keyword>
<gco:CharacterString>retirement community</gco:CharacterString>
</gmd:keyword>
<gmd:keyword>
<gco:CharacterString>rest home</gco:CharacterString>
</gmd:keyword>
<gmd:keyword>
<gco:CharacterString>manor</gco:CharacterString>
</gmd:keyword>
<gmd:keyword>
<gco:CharacterString>skilled nursing</gco:CharacterString>
</gmd:keyword>
<gmd:keyword>
<gco:CharacterString>continuing care</gco:CharacterString>
</gmd:keyword>
<gmd:keyword>
<gco:CharacterString>convalescent</gco:CharacterString>
</gmd:keyword>
<gmd:keyword>
<gco:CharacterString>name</gco:CharacterString>
</gmd:keyword>
<gmd:keyword>
<gco:CharacterString>address</gco:CharacterString>
</gmd:keyword>
<gmd:keyword>
<gco:CharacterString>type</gco:CharacterString>
</gmd:keyword>
<gmd:keyword>
<gco:CharacterString>status</gco:CharacterString>
</gmd:keyword>
<gmd:keyword>
<gco:CharacterString>population</gco:CharacterString>
</gmd:keyword>
<gmd:keyword>
<gco:CharacterString>facility characteristics</gco:CharacterString>
</gmd:keyword>
</gmd:MD_Keywords>
</gmd:descriptiveKeywords>
<gmd:descriptiveKeywords>
<gmd:MD_Keywords>
<gmd:keyword>
<gco:CharacterString>homeland security</gco:CharacterString>
</gmd:keyword>
<gmd:keyword>
<gco:CharacterString>homeland defense</gco:CharacterString>
</gmd:keyword>
<gmd:keyword>
<gco:CharacterString>emergency response</gco:CharacterString>
</gmd:keyword>
<gmd:keyword>
<gco:CharacterString>nursing home</gco:CharacterString>
</gmd:keyword>
<gmd:keyword>
<gco:CharacterString>assisted living</gco:CharacterString>
</gmd:keyword>
<gmd:keyword>
<gco:CharacterString>elderly care</gco:CharacterString>
</gmd:keyword>
<gmd:keyword>
<gco:CharacterString>alzheimer</gco:CharacterString>
</gmd:keyword>
<gmd:keyword>
<gco:CharacterString>retirement community</gco:CharacterString>
</gmd:keyword>
<gmd:keyword>
<gco:CharacterString>rest home</gco:CharacterString>
</gmd:keyword>
<gmd:keyword>
<gco:CharacterString>manor</gco:CharacterString>
</gmd:keyword>
<gmd:keyword>
<gco:CharacterString>skilled nursing</gco:CharacterString>
</gmd:keyword>
<gmd:keyword>
<gco:CharacterString>continuing care</gco:CharacterString>
</gmd:keyword>
<gmd:keyword>
<gco:CharacterString>convalescent</gco:CharacterString>
</gmd:keyword>
<gmd:keyword>
<gco:CharacterString>name</gco:CharacterString>
</gmd:keyword>
<gmd:keyword>
<gco:CharacterString>address</gco:CharacterString>
</gmd:keyword>
<gmd:keyword>
<gco:CharacterString>type</gco:CharacterString>
</gmd:keyword>
<gmd:keyword>
<gco:CharacterString>status</gco:CharacterString>
</gmd:keyword>
<gmd:keyword>
<gco:CharacterString>population</gco:CharacterString>
</gmd:keyword>
<gmd:keyword>
<gco:CharacterString>facility characteristics</gco:CharacterString>
</gmd:keyword>
</gmd:MD_Keywords>
</gmd:descriptiveKeywords>
<gmd:descriptiveKeywords>
<gmd:MD_Keywords>
<gmd:keyword>
<gco:CharacterString>homeland security</gco:CharacterString>
</gmd:keyword>
<gmd:keyword>
<gco:CharacterString>homeland defense</gco:CharacterString>
</gmd:keyword>
<gmd:keyword>
<gco:CharacterString>emergency response</gco:CharacterString>
</gmd:keyword>
<gmd:keyword>
<gco:CharacterString>nursing home</gco:CharacterString>
</gmd:keyword>
<gmd:keyword>
<gco:CharacterString>assisted living</gco:CharacterString>
</gmd:keyword>
<gmd:keyword>
<gco:CharacterString>elderly care</gco:CharacterString>
</gmd:keyword>
<gmd:keyword>
<gco:CharacterString>alzheimer</gco:CharacterString>
</gmd:keyword>
<gmd:keyword>
<gco:CharacterString>retirement community</gco:CharacterString>
</gmd:keyword>
<gmd:keyword>
<gco:CharacterString>rest home</gco:CharacterString>
</gmd:keyword>
<gmd:keyword>
<gco:CharacterString>manor</gco:CharacterString>
</gmd:keyword>
<gmd:keyword>
<gco:CharacterString>skilled nursing</gco:CharacterString>
</gmd:keyword>
<gmd:keyword>
<gco:CharacterString>continuing care</gco:CharacterString>
</gmd:keyword>
<gmd:keyword>
<gco:CharacterString>convalescent</gco:CharacterString>
</gmd:keyword>
<gmd:keyword>
<gco:CharacterString>name</gco:CharacterString>
</gmd:keyword>
<gmd:keyword>
<gco:CharacterString>address</gco:CharacterString>
</gmd:keyword>
<gmd:keyword>
<gco:CharacterString>type</gco:CharacterString>
</gmd:keyword>
<gmd:keyword>
<gco:CharacterString>status</gco:CharacterString>
</gmd:keyword>
<gmd:keyword>
<gco:CharacterString>population</gco:CharacterString>
</gmd:keyword>
<gmd:keyword>
<gco:CharacterString>facility characteristics</gco:CharacterString>
</gmd:keyword>
</gmd:MD_Keywords>
</gmd:descriptiveKeywords>
<gmd:descriptiveKeywords>
<gmd:MD_Keywords>
<gmd:keyword>
<gco:CharacterString>homeland security</gco:CharacterString>
</gmd:keyword>
<gmd:keyword>
<gco:CharacterString>homeland defense</gco:CharacterString>
</gmd:keyword>
<gmd:keyword>
<gco:CharacterString>emergency response</gco:CharacterString>
</gmd:keyword>
<gmd:keyword>
<gco:CharacterString>nursing home</gco:CharacterString>
</gmd:keyword>
<gmd:keyword>
<gco:CharacterString>assisted living</gco:CharacterString>
</gmd:keyword>
<gmd:keyword>
<gco:CharacterString>elderly care</gco:CharacterString>
</gmd:keyword>
<gmd:keyword>
<gco:CharacterString>alzheimer</gco:CharacterString>
</gmd:keyword>
<gmd:keyword>
<gco:CharacterString>retirement community</gco:CharacterString>
</gmd:keyword>
<gmd:keyword>
<gco:CharacterString>rest home</gco:CharacterString>
</gmd:keyword>
<gmd:keyword>
<gco:CharacterString>manor</gco:CharacterString>
</gmd:keyword>
<gmd:keyword>
<gco:CharacterString>skilled nursing</gco:CharacterString>
</gmd:keyword>
<gmd:keyword>
<gco:CharacterString>continuing care</gco:CharacterString>
</gmd:keyword>
<gmd:keyword>
<gco:CharacterString>convalescent</gco:CharacterString>
</gmd:keyword>
<gmd:keyword>
<gco:CharacterString>name</gco:CharacterString>
</gmd:keyword>
<gmd:keyword>
<gco:CharacterString>address</gco:CharacterString>
</gmd:keyword>
<gmd:keyword>
<gco:CharacterString>type</gco:CharacterString>
</gmd:keyword>
<gmd:keyword>
<gco:CharacterString>status</gco:CharacterString>
</gmd:keyword>
<gmd:keyword>
<gco:CharacterString>population</gco:CharacterString>
</gmd:keyword>
<gmd:keyword>
<gco:CharacterString>facility characteristics</gco:CharacterString>
</gmd:keyword>
</gmd:MD_Keywords>
</gmd:descriptiveKeywords>
<gmd:resourceConstraints>
<gmd:MD_Constraints>
<gmd:useLimitation>
<gco:CharacterString>None (Public Use). Users are advised to read the data set's metadata thoroughly to understand appropriate use and data limitations.</gco:CharacterString>
</gmd:useLimitation>
</gmd:MD_Constraints>
</gmd:resourceConstraints>
<gmd:spatialRepresentationType>
<gmd:MD_SpatialRepresentationTypeCode codeList="http://www.isotc211.org/2005/resources/Codelist/gmxCodelists.xml#MD_SpatialRepresentationTypeCode" codeListValue="vector" codeSpace="ISOTC211/19115">vector</gmd:MD_SpatialRepresentationTypeCode>
</gmd:spatialRepresentationType>
<gmd:language>
<gmd:LanguageCode codeList="http://www.loc.gov/standards/iso639-2/php/code_list.php" codeListValue="eng" codeSpace="ISO639-2">eng</gmd:LanguageCode>
</gmd:language>
<gmd:characterSet>
<gmd:MD_CharacterSetCode codeList="http://www.isotc211.org/2005/resources/Codelist/gmxCodelists.xml#MD_CharacterSetCode" codeListValue="utf8" codeSpace="ISOTC211/19115">utf8</gmd:MD_CharacterSetCode>
</gmd:characterSet>
<gmd:environmentDescription>
<gco:CharacterString>Version 6.2 (Build 9200) ; Esri ArcGIS 10.4.1.5686</gco:CharacterString>
</gmd:environmentDescription>
<gmd:extent>
<gmd:EX_Extent>
<gmd:geographicElement>
<gmd:EX_GeographicBoundingBox>
<gmd:extentTypeCode>
<gco:Boolean>true</gco:Boolean>
</gmd:extentTypeCode>
<gmd:westBoundLongitude>
<gco:Decimal>-161.766028</gco:Decimal>
</gmd:westBoundLongitude>
<gmd:eastBoundLongitude>
<gco:Decimal>-65.835341</gco:Decimal>
</gmd:eastBoundLongitude>
<gmd:southBoundLatitude>
<gco:Decimal>17.997109</gco:Decimal>
</gmd:southBoundLatitude>
<gmd:northBoundLatitude>
<gco:Decimal>71.299032</gco:Decimal>
</gmd:northBoundLatitude>
</gmd:EX_GeographicBoundingBox>
</gmd:geographicElement>
</gmd:EX_Extent>
</gmd:extent>
</gmd:MD_DataIdentification>
</gmd:identificationInfo>
<gmd:distributionInfo>
<gmd:MD_Distribution>
<gmd:distributionFormat>
<gmd:MD_Format>
<gmd:name>
<gco:CharacterString>File Geodatabase Feature Class</gco:CharacterString>
</gmd:name>
<gmd:version gco:nilReason="missing"/>
</gmd:MD_Format>
</gmd:distributionFormat>
<gmd:transferOptions>
<gmd:MD_DigitalTransferOptions/>
</gmd:transferOptions>
</gmd:MD_Distribution>
</gmd:distributionInfo>
</gmd:MD_Metadata>
