<?xml version="1.0" encoding="UTF-8"?>
<metadata>
	<idinfo>
		<citation>
			<citeinfo>
				<origin>U.S. Department of Commerce, U.S. Census Bureau, Geography Division</origin>
				<pubdate>2010</pubdate>
				<title>TIGER/Line Shapefile, 2010, 2010 state, Texas, 2010 Census  Census Tract State-based</title>
				<edition>2010</edition>
				<geoform>vector digital data</geoform>
				<onlink>http://www.census.gov/geo/www/tiger</onlink>
				<ftname Sync="TRUE">Census_Tracts_2010</ftname></citeinfo>
		</citation>
		<descript>
			<abstract>The TIGER/Line Files are shapefiles and related database files (.dbf) that are an extract of selected geographic and cartographic information from the U.S. Census Bureau's Master Address File / Topologically Integrated Geographic Encoding and Referencing (MAF/TIGER) Database (MTDB).  The MTDB represents a seamless national file with no overlaps or gaps between parts, however, each TIGER/Line File is designed to stand alone as an independent data set, or they can be combined to cover the entire nation.  Census tracts are small, relatively permanent statistical subdivisions of a county or equivalent entity, and were defined by local participants as part of the 2010 Census Participant Statistical Areas Program.  The Census Bureau delineated the census tracts in situations where no local participant existed or where all the potential participants declined to participate.  The primary purpose of census tracts is to provide a stable set of geographic units for the presentation of census data and comparison back to previous decennial censuses.  Census tracts generally have a population size between 1,200 and 8,000 people, with an optimum size of 4,000 people.  When first delineated, census tracts were designed to be homogeneous with respect to population characteristics, economic status, and living conditions.  The spatial size of census tracts varies widely depending on the density of settlement.  Physical changes in street patterns caused by highway construction, new development, and so forth, may require boundary revisions.  In addition, census tracts occasionally are split due to population growth, or combined as a result of substantial population decline.  Census tract boundaries generally follow visible and identifiable features.  They may follow legal boundaries such as minor civil division (MCD) or incorporated place boundaries in some States and situations to allow for census tract-to-governmental unit relationships where the governmental boundaries tend to remain unchanged between censuses.  State and county boundaries always are census tract boundaries in the standard census geographic hierarchy.  In a few rare instances, a census tract may consist of noncontiguous areas.  These noncontiguous areas may occur where the census tracts are coextensive with all or parts of legal entities that are themselves noncontiguous.  For the 2010 Census, the census tract code range of 9400 through 9499 was enforced for census tracts that include a majority American Indian population according to Census 2000 data and/or their area was primarily covered by federally recognized American Indian reservations and/or off-reservation trust lands; the code range 9800 through 9899 was enforced for those census tracts that contained little or no population and represented a relatively large special land use area such as a National Park, military installation, or a business/industrial park; and the code range 9900 through 9998 was enforced for those census tracts that contained only water area, no land area.  
</abstract>
			<purpose>In order for others to use the information in the Census MAF/TIGER database in a geographic information system (GIS) or for other geographic applications, the Census Bureau releases to the public extracts of the database in the form of TIGER/Line Shapefiles.</purpose>
			<Subject_Entity>Texas(48)</Subject_Entity>
			<langdata Sync="TRUE">en</langdata></descript>
		<timeperd>
			<timeinfo>
				<rngdates>
					<begdate>201001</begdate>
					<enddate>201007</enddate>
				</rngdates>
				<sngdate><caldate>REQUIRED: The year (and optionally month, or month and day) for which the data set corresponds to the ground.</caldate></sngdate></timeinfo>
			<current>Publication Date</current>
		</timeperd>
		<status>
			<progress>Complete</progress>
			<update>TIGER/Line Shapefiles are extracted from the Census MAF/TIGER database.  No changes or updates will be made to this version of the TIGER/Line Shapefiles.  Future releases of TIGER/Line Shapefiles will reflect updates made to the Census MAF/TIGER database.</update>
		</status>
		<spdom>
			<bounding>
				<westbc>-106.645646</westbc>
				<eastbc>-93.508039</eastbc>
				<northbc>36.500704</northbc>
				<southbc>25.837164</southbc>
			</bounding>
			<lboundng><leftbc Sync="TRUE">830807.214817</leftbc><rightbc Sync="TRUE">1063212.173211</rightbc><bottombc Sync="TRUE">2999272.335688</bottombc><topbc Sync="TRUE">3154193.668912</topbc></lboundng></spdom>
		<keywords>
			<theme>
				<themekt>ISO 19115 Topic Categories</themekt>
				<themekey>boundaries</themekey>
			</theme>
			<theme>
				<themekt>None</themekt>
				<themekey>State or equivalent entity</themekey>
				<themekey>Polygon</themekey>
				<themekey>Census Tract</themekey>
				<themekey>Tract</themekey>
			</theme>
			<place>
				<placekt>INCITS.38-200x (R2004),INCITS.31-200x (R2007),INCITS.454-200x,INCITS 455-200x,INCITS 446-2008</placekt>
				<placekey>United States</placekey>
				<placekey>U.S.</placekey>
				<placekey>State or Equivalent Entity</placekey>
				<placekey>Texas</placekey>
				<placekey>TX</placekey>
				<placekey>48</placekey>
			</place>
		</keywords>
		<accconst>None</accconst>
		<useconst>The TIGER/Line Shapefile products are not copyrighted however TIGER/Line and Census TIGER are registered trademarks of the U.S. Census Bureau.  These products are free to use in a product or publication, however acknowledgement must be given to the U.S. Census Bureau as the source.
The boundary information in the TIGER/Line Shapefiles are for statistical data collection and tabulation purposes only; their depiction and designation for statistical purposes does not constitute a determination of jurisdictional authority or rights of ownership or entitlement and they are not legal land descriptions.Coordinates in the TIGER/Line shapefiles have six implied decimal places, but the positional accuracy of these coordinates is not as great as the six decimal places suggest.</useconst>
		<Title_13_Restrictions>Yes, the data are free from Title 13 restrictions</Title_13_Restrictions>
		<ptcontac>
			<cntinfo>
				<cntorgp>
					<cntorg>U.S. Department of Commerce, U.S. Census Bureau, Geography Division, Geographic Products Branch</cntorg>
				</cntorgp>
				<cntaddr>
					<addrtype>Mailing address</addrtype>
					<address>4600 Silver Hill Road, Stop 7400</address>
					<city>Washington</city>
					<state>DC</state>
					<postal>20233-7400</postal>
					<country>United States</country>
				</cntaddr>
				<cntvoice>301-763-1128</cntvoice>
				<cntfax>301-763-4710</cntfax>
				<cntemail>geo.tiger@census.gov</cntemail>
			</cntinfo>
		</ptcontac>
		<native Sync="TRUE">Microsoft Windows Vista Version 6.1 (Build 7600) ; ESRI ArcCatalog 9.3.1.3000</native><natvform Sync="TRUE">File Geodatabase Feature Class</natvform></idinfo>
	<Data_Set_Character_Set>8859part1</Data_Set_Character_Set>
	<Data_Set_Language>eng</Data_Set_Language>
	<dataqual>
		<attracc>
			<attraccr>Accurate against Federal Information Processing Standards (FIPS), FIPS Publication 6-4, and FIPS-55 at the 100% level for the codes and base names.  The remaining attribute information has been examined but has not been fully tested for accuracy.</attraccr>
		</attracc>
		<logic>The Census Bureau performed automated tests to ensure logical consistency and limits of shapefiles.  Segments making up the outer and inner boundaries of a polygon tie end-to-end to completely enclose the area.  All polygons are tested for closure.
The Census Bureau uses its internally developed geographic update system to enhance and modify spatial and attribute data in the Census MAF/TIGER database.  Standard geographic codes, such as FIPS codes for states, counties, municipalities, county subdivisions, places, American Indian/Alaska Native/Native Hawaiian areas, and congressional districts are used when encoding spatial entities.  The Census Bureau performed spatial data tests for logical consistency of the codes during the compilation of the original Census MAF/TIGER database files.  Most of the codes for geographic entities except states, counties, urban areas, Core Based Statistical Areas (CBSAs), American Indian Areas (AIAs), and congressional districts were provided to the Census Bureau by the USGS, the agency responsible for maintaining FIPS 55.  Feature attribute information has been examined but has not been fully tested for consistency.
For the TIGER/Line Shapefiles, the Point and Vector Object Count for the G-polygon SDTS Point and Vector Object Type reflects the number of records in the shapefile attribute table.  For multi-polygon features, only one attribute record exists for each multi-polygon rather than one attribute record per individual G-polygon component of the multi-polygon feature.  TIGER/Line Shapefile multi-polygons are an exception to the G-polygon object type classification.  Therefore, when multi-polygons exist in a shapefile, the object count will be less than the actual number of G-polygons.</logic>
		<complete>Data completeness of the TIGER/Line Shapefiles reflects the contents of the Census MAF/TIGER database at the time the TIGER/Line Shapefiles were created.</complete>
		<lineage>
			<srcinfo>
				<srccite>
					<citeinfo>
						<origin>U.S. Department of Commerce, U.S. Census Bureau, Geography Division</origin>
						<pubdate>Unpublished material</pubdate>
						<title>Census MAF/TIGER database</title>
					</citeinfo>
				</srccite>
				<typesrc>online</typesrc>
				<srctime>
					<timeinfo>
						<rngdates>
							<begdate>201001</begdate>
							<enddate>201007</enddate>
						</rngdates>
					</timeinfo>
					<srccurr>Publication Date</srccurr>
				</srctime>
				<srccitea>MAF/TIGER</srccitea>
				<srccontr>The selected geographic and cartographic information (line segments) are derived from the U.S. Census Bureau's Master Address File Topologically Integrated Geographic Encoding and Referencing (MAF/TIGER) database.</srccontr>
			</srcinfo>
			<procstep>
				<procdesc>TIGER/Line Shapefiles are extracted from the Census MAF/TIGER database by nation, state, county, and entity.  Census MAF/TIGER data for all of the aforementioned geographic entities are then distributed among the shapefiles each containing attributes for line, polygon, or landmark geographic data. </procdesc>
				<srcused>Census MAF/TIGER</srcused>
				<procdate>2010</procdate>
			</procstep>
			<procstep><procdesc Sync="TRUE">Dataset copied.</procdesc><srcused Sync="TRUE"></srcused><procdate Sync="TRUE">20110216</procdate><proctime Sync="TRUE">09440700</proctime></procstep><procstep><procdesc Sync="TRUE">Dataset copied.</procdesc><srcused Sync="TRUE"></srcused><procdate Sync="TRUE">20110216</procdate><proctime Sync="TRUE">09575800</proctime></procstep></lineage>
	</dataqual>
	<spdoinfo>
		<indspref>Federal Information Processing Standards (FIPS), ANSI, and feature names.</indspref>
		<direct>Vector</direct>
		<ptvctinf><esriterm><efeatyp Sync="TRUE">Simple</efeatyp><efeageom code="4" Sync="TRUE"></efeageom><esritopo Sync="TRUE">FALSE</esritopo><efeacnt Sync="TRUE">0</efeacnt><spindex Sync="TRUE">FALSE</spindex><linrefer Sync="TRUE">FALSE</linrefer></esriterm></ptvctinf></spdoinfo>
	<spref>
		<horizsys>
			<geodetic>
				<horizdn>North American Datum of 1983 in the 48 contiguous states, the District of Columbia, Alaska, Hawaii, Puerto Rico, the Virgin Islands of the United States, and the Pacific Island Areas.</horizdn>
				<ellips>Geodetic Reference System 80</ellips>
				<semiaxis>6378137</semiaxis>
				<denflat>298257</denflat>
			</geodetic>
			<cordsysn><geogcsn Sync="TRUE">GCS_North_American_1983</geogcsn><projcsn Sync="TRUE">NAD_1983_StatePlane_Texas_Central_FIPS_4203</projcsn></cordsysn><planar><planci><plance Sync="TRUE">coordinate pair</plance><plandu Sync="TRUE">meters</plandu><coordrep><absres Sync="TRUE">0.000100</absres><ordres Sync="TRUE">0.000100</ordres></coordrep></planci></planar></horizsys>
	</spref>
	<eainfo>
		<detailed Name="EXTERNAL.census_tracts_2010">
			<enttyp>
				<enttypl>TRACT10.shp</enttypl>
				<enttypd>2010 Census Census Tract State-based</enttypd>
				<enttypds>U.S. Census Bureau</enttypds>
				<enttypt Sync="TRUE">Feature Class</enttypt><enttypc Sync="TRUE">0</enttypc></enttyp>
			<attr><attrlabl Sync="TRUE">OBJECTID</attrlabl><attalias Sync="TRUE">OBJECTID</attalias><attrtype Sync="TRUE">OID</attrtype><attwidth Sync="TRUE">4</attwidth><atprecis Sync="TRUE">10</atprecis><attscale Sync="TRUE">0</attscale><attrdef Sync="TRUE">Internal feature number.</attrdef><attrdefs Sync="TRUE">ESRI</attrdefs><attrdomv><udom Sync="TRUE">Sequential unique whole numbers that are automatically generated.</udom></attrdomv></attr><attr><attrlabl Sync="TRUE">Shape</attrlabl><attalias Sync="TRUE">Shape</attalias><attrtype Sync="TRUE">Geometry</attrtype><attwidth Sync="TRUE">4</attwidth><atprecis Sync="TRUE">0</atprecis><attscale Sync="TRUE">0</attscale><attrdef Sync="TRUE">Feature geometry.</attrdef><attrdefs Sync="TRUE">ESRI</attrdefs><attrdomv><udom Sync="TRUE">Coordinates defining the features.</udom></attrdomv></attr><attr>
				<attrlabl>STATEFP10</attrlabl>
				<attrdef>2010 Census state Federal Information Processing Standards
                 (FIPS) codes</attrdef>
				<attrdefs>U.S. Census Bureau</attrdefs>
				<attrdomv>
					<codesetd>
						<codesetn>INCITS.38-200x (R2004), Codes for the Identification of
                      the States, the District of Columbia, Puerto Rico, and the
                      Insular Areas of the United States (Formerly FIPS 5-2)</codesetn>
						<codesets>U.S. Census Bureau</codesets>
					</codesetd>
				</attrdomv>
				<attalias Sync="TRUE">STATEFP10</attalias><attrtype Sync="TRUE">String</attrtype><attwidth Sync="TRUE">2</attwidth><atprecis Sync="TRUE">0</atprecis><attscale Sync="TRUE">0</attscale></attr>
			<attr>
				<attrlabl>COUNTYFP10</attrlabl>
				<attrdef>2010 Census county Federal Information Processing Standards
                 (FIPS) code</attrdef>
				<attrdefs>U.S. Census Bureau</attrdefs>
				<attrdomv>
					<codesetd>
						<codesetn>INCITS.31-200x (R2007), Codes for the Identification of
                      the Counties and Equivalent Areas of the United States,
                      Puerto Rico, and the Insular Areas of the United States
                      (Formerly FIPS 6-4)</codesetn>
						<codesets>U.S. Census Bureau</codesets>
					</codesetd>
				</attrdomv>
				<attalias Sync="TRUE">COUNTYFP10</attalias><attrtype Sync="TRUE">String</attrtype><attwidth Sync="TRUE">3</attwidth><atprecis Sync="TRUE">0</atprecis><attscale Sync="TRUE">0</attscale></attr>
			<attr>
				<attrlabl>TRACTCE10</attrlabl>
				<attrdef>2010 Census census tract code</attrdef>
				<attrdefs>U.S. Census Bureau</attrdefs>
				<attrdomv>
					<edom>
						<edomv>000000</edomv>
						<edomvd>Water tract in some coastal and Great Lakes water and
                    territorial sea</edomvd>
						<edomvds>U.S. Census</edomvds>
					</edom>
					<edom>
						<edomv>000100 to 998999</edomv>
						<edomvd>Census tract number</edomvd>
						<edomvds>U.S. Census Bureau</edomvds>
					</edom>
				</attrdomv>
				<attalias Sync="TRUE">TRACTCE10</attalias><attrtype Sync="TRUE">String</attrtype><attwidth Sync="TRUE">6</attwidth><atprecis Sync="TRUE">0</atprecis><attscale Sync="TRUE">0</attscale></attr>
			<attr>
				<attrlabl>GEOID10</attrlabl>
				<attrdef>Census tract identifier, a concatenation of 2010 Census state
                 Federal Information Processing Standards (FIPS) code, county
                 FIPS code, and census tract code</attrdef>
				<attrdefs>U.S. Census Bureau</attrdefs>
				<attrdomv>
					<codesetd>
						<codesetn>INCITS.38-200x (R2004), Codes for the Identification of
                      the States, the District of Columbia, Puerto Rico, and the
                      Insular Areas of the United States (Formerly FIPS 5-2),
                      INCITS.31-200x (R2007), Codes for the Identification of
                      the Counties and Equivalent Areas of the United States,
                      Puerto Rico, and the Insular Areas of the United States
                      (Formerly FIPS 6-4) and the census tract code that appears
                      in TRACTCE10</codesetn>
						<codesets>U.S. Census Bureau</codesets>
					</codesetd>
				</attrdomv>
				<attalias Sync="TRUE">GEOID10</attalias><attrtype Sync="TRUE">String</attrtype><attwidth Sync="TRUE">11</attwidth><atprecis Sync="TRUE">0</atprecis><attscale Sync="TRUE">0</attscale></attr>
			<attr>
				<attrlabl>NAME10</attrlabl>
				<attrdef>2010 Census census tract name, this is the census tract code
                 converted to an integer or integer plus two-digit decimal if
                 the last two characters of the code are not both zeros.</attrdef>
				<attrdefs>U.S. Census Bureau</attrdefs>
				<attrdomv>
					<codesetd>
						<codesetn>Refer to the online census tract gazetteer file at URL:
                      http://www.census.gov/geo/www/gazetteer/gazette.html</codesetn>
						<codesets>U.S. Census Bureau</codesets>
					</codesetd>
				</attrdomv>
				<attalias Sync="TRUE">NAME10</attalias><attrtype Sync="TRUE">String</attrtype><attwidth Sync="TRUE">7</attwidth><atprecis Sync="TRUE">0</atprecis><attscale Sync="TRUE">0</attscale></attr>
			<attr>
				<attrlabl>NAMELSAD10</attrlabl>
				<attrdef>2010 Census translated legal/statistical area description and
                 the census tract name</attrdef>
				<attrdefs>U.S. Census Bureau</attrdefs>
				<attrdomv>
					<codesetd>
						<codesetn>Refer to the online census tract gazetteer file at URL:
                      http://www.census.gov/geo/www/gazetteer/gazette.html and
                      translated legal/statistical area description code CT,
                      Census Tract</codesetn>
						<codesets>U.S. Census Bureau</codesets>
					</codesetd>
				</attrdomv>
				<attalias Sync="TRUE">NAMELSAD10</attalias><attrtype Sync="TRUE">String</attrtype><attwidth Sync="TRUE">20</attwidth><atprecis Sync="TRUE">0</atprecis><attscale Sync="TRUE">0</attscale></attr>
			<attr>
				<attrlabl>MTFCC10</attrlabl>
				<attrdef>MAF/TIGER feature class code</attrdef>
				<attrdefs>U.S. Census Bureau</attrdefs>
				<attrdomv>
					<edom>
						<edomv>G5020</edomv>
						<edomvd>Census Tract</edomvd>
						<edomvds>U.S. Census Bureau</edomvds>
					</edom>
				</attrdomv>
				<attalias Sync="TRUE">MTFCC10</attalias><attrtype Sync="TRUE">String</attrtype><attwidth Sync="TRUE">5</attwidth><atprecis Sync="TRUE">0</atprecis><attscale Sync="TRUE">0</attscale></attr>
			<attr>
				<attrlabl>FUNCSTAT10</attrlabl>
				<attrdef>2010 Census functional status</attrdef>
				<attrdefs>U.S. Census Bureau</attrdefs>
				<attrdomv>
					<edom>
						<edomv>S</edomv>
						<edomvd>Statistical entity</edomvd>
						<edomvds>U.S. Census Bureau</edomvds>
					</edom>
				</attrdomv>
				<attalias Sync="TRUE">FUNCSTAT10</attalias><attrtype Sync="TRUE">String</attrtype><attwidth Sync="TRUE">1</attwidth><atprecis Sync="TRUE">0</atprecis><attscale Sync="TRUE">0</attscale></attr>
			<attr>
				<attrlabl>ALAND10</attrlabl>
				<attrdef>2010 Census land area (square meters)</attrdef>
				<attrdefs>U.S. Census Bureau</attrdefs>
				<attrdomv>
					<edom>
						<edomv>0 to 9,999,999,999,999</edomv>
						<edomvd>Blank</edomvd>
						<edomvds>U.S. Census Bureau</edomvds>
					</edom>
				</attrdomv>
				<attalias Sync="TRUE">ALAND10</attalias><attrtype Sync="TRUE">Double</attrtype><attwidth Sync="TRUE">8</attwidth><atprecis Sync="TRUE">38</atprecis><attscale Sync="TRUE">8</attscale></attr>
			<attr>
				<attrlabl>AWATER10</attrlabl>
				<attrdef>2010 Census water area (square meters)</attrdef>
				<attrdefs>U.S. Census Bureau</attrdefs>
				<attrdomv>
					<edom>
						<edomv>0 to 9,999,999,999,999</edomv>
						<edomvd>Blank</edomvd>
						<edomvds>U.S. Census Bureau</edomvds>
					</edom>
				</attrdomv>
				<attalias Sync="TRUE">AWATER10</attalias><attrtype Sync="TRUE">Double</attrtype><attwidth Sync="TRUE">8</attwidth><atprecis Sync="TRUE">38</atprecis><attscale Sync="TRUE">8</attscale></attr>
			<attr>
				<attrlabl>INTPTLAT10</attrlabl>
				<attrdef>2010 Census latitude of the internal point</attrdef>
				<attrdefs>U.S. Census Bureau</attrdefs>
				<attrdomv>
					<edom>
						<edomv>00</edomv>
						<edomvd>Blank</edomvd>
						<edomvds>U.S. Census Bureau</edomvds>
					</edom>
				</attrdomv>
				<attalias Sync="TRUE">INTPTLAT10</attalias><attrtype Sync="TRUE">String</attrtype><attwidth Sync="TRUE">11</attwidth><atprecis Sync="TRUE">0</atprecis><attscale Sync="TRUE">0</attscale></attr>
			<attr>
				<attrlabl>INTPTLON10</attrlabl>
				<attrdef>2010 Census longitude of the internal point</attrdef>
				<attrdefs>U.S. Census Bureau</attrdefs>
				<attrdomv>
					<edom>
						<edomv>00</edomv>
						<edomvd>Blank</edomvd>
						<edomvds>U.S. Census Bureau</edomvds>
					</edom>
				</attrdomv>
				<attalias Sync="TRUE">INTPTLON10</attalias><attrtype Sync="TRUE">String</attrtype><attwidth Sync="TRUE">12</attwidth><atprecis Sync="TRUE">0</atprecis><attscale Sync="TRUE">0</attscale></attr>
			<attr><attrlabl Sync="TRUE">SHAPE.AREA</attrlabl><attalias Sync="TRUE">SHAPE.AREA</attalias><attrtype Sync="TRUE">Double</attrtype><attwidth Sync="TRUE">0</attwidth><atprecis Sync="TRUE">0</atprecis><attscale Sync="TRUE">0</attscale></attr><attr><attrlabl Sync="TRUE">SHAPE.LEN</attrlabl><attalias Sync="TRUE">SHAPE.LEN</attalias><attrtype Sync="TRUE">Double</attrtype><attwidth Sync="TRUE">0</attwidth><atprecis Sync="TRUE">0</atprecis><attscale Sync="TRUE">0</attscale></attr></detailed>
	</eainfo>
	<distinfo>
		<distrib>
			<cntinfo>
				<cntorgp>
					<cntorg>U.S. Department of Commerce, U.S. Census Bureau, Geography Division, Geographic Products Branch</cntorg>
				</cntorgp>
				<cntaddr>
					<addrtype>Mailing address</addrtype>
					<address>4600 Silver Hill Road, Stop 7400</address>
					<city>Washington</city>
					<state>DC</state>
					<postal>20233-7400</postal>
					<country>United States</country>
				</cntaddr>
				<cntvoice>301-763-1128</cntvoice>
				<cntfax>301-763-4710</cntfax>
				<cntemail>geo.tiger@census.gov</cntemail>
			</cntinfo>
		</distrib>
		<distliab>No warranty, expressed or implied is made with regard to the accuracy of these data, and no liability is assumed by the U.S. Government in general or the U.S. Census Bureau in specific as to the spatial or attribute accuracy of the data.  The act of distribution shall not constitute any such warranty and no responsibility is assumed by the U.S. government in the use of these files.  The boundary information in the TIGER/Line Shapefiles is for statistical data collection and tabulation purposes only; their depiction and designation for statistical purposes do not constitute a determination of jurisdictional authority or rights of ownership or entitlement and they are not legal land descriptions.</distliab>
		<stdorder>
			<digform>
				<digtinfo>
					<formname>TGRSHP (compressed)</formname>
					<filedec>PK-ZIP, version 1.93 A or higher</filedec>
					<transize Sync="TRUE">2.631</transize><dssize Sync="TRUE">2.631</dssize></digtinfo>
				<digtopt>
					<onlinopt>
						<computer>
							<networka>
								<networkr>http://www.census.gov/geo/www/tiger</networkr>
							</networka>
						</computer>
					</onlinopt>
					<offoptn>
						<offmedia>DVD-ROM (Only if offered offline)</offmedia>
						<recfmt>ISO 9660</recfmt>
					</offoptn>
				</digtopt>
			</digform>
			<fees>The online copy of the TIGER/Line files may be accessed without charge.</fees>
			<ordering>To obtain more information about ordering TIGER/Line shapefiles visit http://www.census.gov/geo/www/tiger </ordering>
		</stdorder>
		<techpreq>The TIGER/Line shapefiles contain geographic data only and do not include display mapping software or statistical data.  For information on how to use the TIGER/Line shapefile data with specific software package users shall contact the company that produced the software.</techpreq>
		<resdesc Sync="TRUE">Downloadable Data</resdesc></distinfo>
	<metainfo>
		<metd>20100507</metd>
		<metc>
			<cntinfo>
				<cntorgp>
					<cntorg>U.S. Department of Commerce, U.S. Census Bureau, Geography Division, Geographic Products Branch</cntorg>
					<cntper>REQUIRED: The person responsible for the metadata information.</cntper></cntorgp>
				<cntaddr>
					<addrtype>Mailing address</addrtype>
					<address>4600 Silver Hill Road, Stop 7400</address>
					<city>Washington</city>
					<state>DC</state>
					<postal>20233-7400</postal>
					<country>United States</country>
				</cntaddr>
				<cntvoice>301-763-1128</cntvoice>
				<cntfax>301-763-4710</cntfax>
				<cntemail>geo.tiger@census.gov</cntemail>
			</cntinfo>
		</metc>
		<metstdn>FGDC Content Standards for Digital Geospatial Metadata</metstdn>
		<metstdv>FGDC-STD-001-1998</metstdv>
		<Metadata_Character_Set>8859part1</Metadata_Character_Set>
		<Metadata_File_Identifier>tl_2010_48_tract10.shp.xml</Metadata_File_Identifier>
		<Metadata_Language>eng</Metadata_Language>
		<langmeta Sync="TRUE">en</langmeta><mettc Sync="TRUE">local time</mettc></metainfo>
	<Esri><CreaDate>20171209</CreaDate><CreaTime>10155700</CreaTime><SyncOnce>FALSE</SyncOnce><SyncDate>20120302</SyncDate><SyncTime>14513000</SyncTime><ModDate>20120302</ModDate><ModTime>14513000</ModTime><DataProperties><lineage><Process ToolSource="C:\Program Files (x86)\ArcGIS\ArcToolbox\Toolboxes\Data Management Tools.tbx\CopyFeatures" Date="20110216" Time="141319">CopyFeatures K:\Data\GIS\CAPCOG\Census_Tracts_2010.shp "C:\Users\cramser\Desktop\New folder (2)\Census2010.gdb\Census_Tracts_2010" # 0 0 0</Process><Process Name="Copy Features (9)" ToolSource="C:\Program Files\ArcGIS\Desktop10.0\ArcToolbox\Toolboxes\Data Management Tools.tbx\CopyFeatures" Date="20120302" Time="145132">CopyFeatures C:\arcwks\temp\Census2010.gdb\Census_Tracts_2010 "Database Connections\GISDM-external.sde\EXTERNAL.census_tracts_2010" # 0 0 0</Process><Process ToolSource="C:\Program Files\ArcGIS\Desktop10.0\ArcToolbox\Toolboxes\Data Management Tools.tbx\ChangePrivileges" Date="20120411" Time="120422">ChangePrivileges 'Database Connections\GISDM-external.sde\EXTERNAL.williamson_voter_precincts';'Database Connections\GISDM-external.sde\EXTERNAL.jssec_bastrop';'Database Connections\GISDM-external.sde\EXTERNAL.jsgte_williamson';'Database Connections\GISDM-external.sde\EXTERNAL.jsgte_hays';'Database Connections\GISDM-external.sde\EXTERNAL.jsgte_bastrop';'Database Connections\GISDM-external.sde\EXTERNAL.jsabs_williamson';'Database Connections\GISDM-external.sde\EXTERNAL.jsabs_travis';'Database Connections\GISDM-external.sde\EXTERNAL.jsabs_hays';'Database Connections\GISDM-external.sde\EXTERNAL.jsabs_bastrop';'Database Connections\GISDM-external.sde\EXTERNAL.jegte_travis';'Database Connections\GISDM-external.sde\EXTERNAL.index_usgs_quad';'Database Connections\GISDM-external.sde\EXTERNAL.index_usgs_qq';'Database Connections\GISDM-external.sde\EXTERNAL.index_usgs_q4';'Database Connections\GISDM-external.sde\EXTERNAL.hcad_parcels';'Database Connections\GISDM-external.sde\EXTERNAL.hays_county_voter_precincts';'Database Connections\GISDM-external.sde\EXTERNAL.grantee_williamson';'Database Connections\GISDM-external.sde\EXTERNAL.grantee_travis';'Database Connections\GISDM-external.sde\EXTERNAL.grantee_hays';'Database Connections\GISDM-external.sde\EXTERNAL.gpsmon';'Database Connections\GISDM-external.sde\EXTERNAL.grantee_bastrop';'Database Connections\GISDM-external.sde\EXTERNAL.floodplain_q3_william_outdated';'Database Connections\GISDM-external.sde\EXTERNAL.floodplain_q3_hays_outdated';'Database Connections\GISDM-external.sde\EXTERNAL.floodplain_q3_travis_outdated';'Database Connections\GISDM-external.sde\EXTERNAL.floodplain_q3_bastrop_outdated';'Database Connections\GISDM-external.sde\EXTERNAL.fema_travis_cross_sections';'Database Connections\GISDM-external.sde\EXTERNAL.fema_travis_quad_index';'Database Connections\GISDM-external.sde\EXTERNAL.fema_travis_base_flood_elev';'Database Connections\GISDM-external.sde\EXTERNAL.county_travis';'Database Connections\GISDM-external.sde\EXTERNAL.county_williamson';'Database Connections\GISDM-external.sde\EXTERNAL.county_hays';'Database Connections\GISDM-external.sde\EXTERNAL.county_bastrop';'Database Connections\GISDM-external.sde\EXTERNAL.cmta_stops';'Database Connections\GISDM-external.sde\EXTERNAL.cmta_metrorail';'Database Connections\GISDM-external.sde\EXTERNAL.cmta_routes';'Database Connections\GISDM-external.sde\EXTERNAL.census_tracts_2010';'Database Connections\GISDM-external.sde\EXTERNAL.census_places_2010';'Database Connections\GISDM-external.sde\EXTERNAL.census_blocks_2010';'Database Connections\GISDM-external.sde\EXTERNAL.census_blockgroups_2010';'Database Connections\GISDM-external.sde\EXTERNAL.block_williamson';'Database Connections\GISDM-external.sde\EXTERNAL.block_travis';'Database Connections\GISDM-external.sde\EXTERNAL.block_hays';'Database Connections\GISDM-external.sde\EXTERNAL.block_bastrop';'Database Connections\GISDM-external.sde\EXTERNAL.bcad_parcels';'Database Connections\GISDM-external.sde\EXTERNAL.bastrop_county_voter_precincts';'Database Connections\GISDM-external.sde\EXTERNAL.abstract_williamson';'Database Connections\GISDM-external.sde\EXTERNAL.abstract_travis';'Database Connections\GISDM-external.sde\EXTERNAL.abstract_hays';'Database Connections\GISDM-external.sde\EXTERNAL.abstract_bastrop';'Database Connections\GISDM-external.sde\EXTERNAL.usgs_contours';'Database Connections\GISDM-external.sde\EXTERNAL.usgs_railroad';'Database Connections\GISDM-external.sde\EXTERNAL.usgs_road';'Database Connections\GISDM-external.sde\EXTERNAL.wcad_parcels';'Database Connections\GISDM-external.sde\EXTERNAL.williamson_county_soils';'Database Connections\GISDM-external.sde\EXTERNAL.us_states';'Database Connections\GISDM-external.sde\EXTERNAL.united_states_zipcodes';'Database Connections\GISDM-external.sde\EXTERNAL.travis_voter_precincts';'Database Connections\GISDM-external.sde\EXTERNAL.travis_justices_precincts';'Database Connections\GISDM-external.sde\EXTERNAL.travis_county_soils';'Database Connections\GISDM-external.sde\EXTERNAL.travis_county_parks';'Database Connections\GISDM-external.sde\EXTERNAL.travis_commissioner_precincts';'Database Connections\GISDM-external.sde\EXTERNAL.texas_river_basins';'Database Connections\GISDM-external.sde\EXTERNAL.texas_railroads';'Database Connections\GISDM-external.sde\EXTERNAL.texas_major_aquifers';'Database Connections\GISDM-external.sde\EXTERNAL.texas_counties';'Database Connections\GISDM-external.sde\EXTERNAL.texas_city_boundaries';'Database Connections\GISDM-external.sde\EXTERNAL.texas_census_tracts_2000';'Database Connections\GISDM-external.sde\EXTERNAL.texas_census_tracts_1990';'Database Connections\GISDM-external.sde\EXTERNAL.tcad_parcels';'Database Connections\GISDM-external.sde\EXTERNAL.state_of_texas_parks';'Database Connections\GISDM-external.sde\EXTERNAL.section_williamson';'Database Connections\GISDM-external.sde\EXTERNAL.section_travis';'Database Connections\GISDM-external.sde\EXTERNAL.section_hays';'Database Connections\GISDM-external.sde\EXTERNAL.section_bastrop';'Database Connections\GISDM-external.sde\EXTERNAL.schools';'Database Connections\GISDM-external.sde\EXTERNAL.school_districts';'Database Connections\GISDM-external.sde\EXTERNAL.regional_roads';'Database Connections\GISDM-external.sde\EXTERNAL.jssec_williamson';'Database Connections\GISDM-external.sde\EXTERNAL.jssec_travis';'Database Connections\GISDM-external.sde\EXTERNAL.jssec_hays' gis_view_rl GRANT #</Process><Process ToolSource="c:\program files (x86)\arcgis\desktop10.2\ArcToolbox\Toolboxes\Data Management Tools.tbx\RemoveSpatialIndex" Date="20141207" Time="092100">RemoveSpatialIndex \\coacd.org\gis\SDE_Connection_Files\Admin\Data_Mart\GISDM\GISDM-SDE_External.sde\EXTERNAL.census_tracts_2010</Process><Process ToolSource="c:\program files (x86)\arcgis\desktop10.2\ArcToolbox\Toolboxes\Data Management Tools.tbx\AddSpatialIndex" Date="20141207" Time="092101">AddSpatialIndex \\coacd.org\gis\SDE_Connection_Files\Admin\Data_Mart\GISDM\GISDM-SDE_External.sde\EXTERNAL.census_tracts_2010 0 0 0</Process></lineage><itemProps><itemName Sync="TRUE">EXTERNAL.census_tracts_2010</itemName><imsContentType Sync="TRUE">002</imsContentType><nativeExtBox><westBL Sync="TRUE">830807.214800</westBL><eastBL Sync="TRUE">1063212.173200</eastBL><southBL Sync="TRUE">2999272.335700</southBL><northBL Sync="TRUE">3154193.668900</northBL><exTypeCode Sync="TRUE">1</exTypeCode></nativeExtBox><itemLocation><linkage Sync="TRUE">Server=ctmgissdep.ci.austin.tx.us; Service=sde:oracle11g:gisdm:sde_external; User=external; Version=SDE_EXTERNAL.DEFAULT</linkage><protocol Sync="TRUE">ArcSDE Connection</protocol></itemLocation></itemProps><coordRef><type Sync="TRUE">Projected</type><geogcsn Sync="TRUE">GCS_North_American_1983</geogcsn><csUnits Sync="TRUE">Linear Unit: Meter (1.000000)</csUnits><projcsn Sync="TRUE">NAD_1983_StatePlane_Texas_Central_FIPS_4203</projcsn><peXml Sync="TRUE">&lt;ProjectedCoordinateSystem xsi:type='typens:ProjectedCoordinateSystem' xmlns:xsi='http://www.w3.org/2001/XMLSchema-instance' xmlns:xs='http://www.w3.org/2001/XMLSchema' xmlns:typens='http://www.esri.com/schemas/ArcGIS/10.0'&gt;&lt;WKT&gt;PROJCS[&amp;quot;NAD_1983_StatePlane_Texas_Central_FIPS_4203&amp;quot;,GEOGCS[&amp;quot;GCS_North_American_1983&amp;quot;,DATUM[&amp;quot;D_North_American_1983&amp;quot;,SPHEROID[&amp;quot;GRS_1980&amp;quot;,6378137.0,298.257222101]],PRIMEM[&amp;quot;Greenwich&amp;quot;,0.0],UNIT[&amp;quot;Degree&amp;quot;,0.0174532925199433]],PROJECTION[&amp;quot;Lambert_Conformal_Conic&amp;quot;],PARAMETER[&amp;quot;False_Easting&amp;quot;,700000.0],PARAMETER[&amp;quot;False_Northing&amp;quot;,3000000.0],PARAMETER[&amp;quot;Central_Meridian&amp;quot;,-100.3333333333333],PARAMETER[&amp;quot;Standard_Parallel_1&amp;quot;,30.11666666666667],PARAMETER[&amp;quot;Standard_Parallel_2&amp;quot;,31.88333333333333],PARAMETER[&amp;quot;Latitude_Of_Origin&amp;quot;,29.66666666666667],UNIT[&amp;quot;Meter&amp;quot;,1.0],AUTHORITY[&amp;quot;EPSG&amp;quot;,32139]]&lt;/WKT&gt;&lt;XOrigin&gt;-38040800&lt;/XOrigin&gt;&lt;YOrigin&gt;-24970300&lt;/YOrigin&gt;&lt;XYScale&gt;10000&lt;/XYScale&gt;&lt;ZOrigin&gt;0&lt;/ZOrigin&gt;&lt;ZScale&gt;1&lt;/ZScale&gt;&lt;MOrigin&gt;0&lt;/MOrigin&gt;&lt;MScale&gt;1&lt;/MScale&gt;&lt;XYTolerance&gt;0.001&lt;/XYTolerance&gt;&lt;ZTolerance&gt;0.001&lt;/ZTolerance&gt;&lt;MTolerance&gt;0.001&lt;/MTolerance&gt;&lt;HighPrecision&gt;true&lt;/HighPrecision&gt;&lt;WKID&gt;32139&lt;/WKID&gt;&lt;/ProjectedCoordinateSystem&gt;</peXml></coordRef></DataProperties><ArcGISFormat>1.0</ArcGISFormat></Esri><distInfo><distributor><distorTran><onLineSrc><linkage Sync="TRUE">file://\\CED-PC5\C$\Users\cramser\Desktop\New folder (2)\Census2010.gdb</linkage><protocol Sync="TRUE">Local Area Network</protocol><orDesc Sync="TRUE">002</orDesc></onLineSrc><transSize Sync="TRUE">2.631</transSize></distorTran><distorFormat><formatName Sync="TRUE">File Geodatabase Feature Class</formatName></distorFormat></distributor><distFormat><formatName Sync="TRUE">SDE Feature Class</formatName></distFormat></distInfo><dataIdInfo><envirDesc Sync="TRUE">Microsoft Windows XP Version 5.1 (Build 2600) Service Pack 3; ESRI ArcGIS 10.0.3.3600</envirDesc><dataLang><languageCode Sync="TRUE" value="en"></languageCode><countryCode value="US" Sync="TRUE"></countryCode></dataLang><idCitation><resTitle Sync="TRUE">EXTERNAL.census_tracts_2010</resTitle><presForm><PresFormCd Sync="TRUE" value="005"></PresFormCd></presForm></idCitation><spatRpType><SpatRepTypCd Sync="TRUE" value="001"></SpatRepTypCd></spatRpType><dataExt><geoEle><GeoBndBox esriExtentType="native"><westBL Sync="TRUE">830807.214817</westBL><eastBL Sync="TRUE">1063212.173211</eastBL><northBL Sync="TRUE">3154193.668912</northBL><southBL Sync="TRUE">2999272.335688</southBL><exTypeCode Sync="TRUE">1</exTypeCode></GeoBndBox></geoEle></dataExt><geoBox esriExtentType="decdegrees"><westBL Sync="TRUE">-98.982479</westBL><eastBL Sync="TRUE">-96.52898</eastBL><northBL Sync="TRUE">31.050346</northBL><southBL Sync="TRUE">29.604882</southBL><exTypeCode Sync="TRUE">1</exTypeCode></geoBox><dataExt><geoEle><GeoBndBox esriExtentType="search"><exTypeCode Sync="TRUE">1</exTypeCode><westBL Sync="TRUE">-98.982479</westBL><eastBL Sync="TRUE">-96.528980</eastBL><northBL Sync="TRUE">31.050346</northBL><southBL Sync="TRUE">29.604882</southBL></GeoBndBox></geoEle></dataExt></dataIdInfo><mdLang><languageCode Sync="TRUE" value="en"></languageCode><countryCode value="US" Sync="TRUE"></countryCode></mdLang><mdStanName Sync="TRUE">ISO 19115 Geographic Information - Metadata</mdStanName><mdStanVer Sync="TRUE">DIS_ESRI1.0</mdStanVer><mdChar><CharSetCd Sync="TRUE" value="006"></CharSetCd></mdChar><mdHrLv><ScopeCd Sync="TRUE" value="005"></ScopeCd></mdHrLv><mdHrLvName Sync="TRUE">dataset</mdHrLvName><refSysInfo><RefSystem><refSysID><identCode Sync="TRUE" value="32139">NAD_1983_StatePlane_Texas_Central_FIPS_4203</identCode><idCodeSpace Sync="TRUE">EPSG</idCodeSpace><idVersion Sync="TRUE">7.4.1</idVersion></refSysID></RefSystem></refSysInfo><spatRepInfo><VectSpatRep><geometObjs Name="EXTERNAL.census_tracts_2010"><geoObjTyp><GeoObjTypCd value="002" Sync="TRUE"></GeoObjTypCd></geoObjTyp><geoObjCnt Sync="TRUE">0</geoObjCnt></geometObjs><topLvl><TopoLevCd value="001" Sync="TRUE"></TopoLevCd></topLvl></VectSpatRep></spatRepInfo><mdDateSt Sync="TRUE">20120302</mdDateSt></metadata>
